"CpG","Gene_Region","Spearman_corr","P_value","N","Significance"
"cg15199326","5'UTR/1stExon",0.0560636905573209,0.211683006863476,498,"NS"
"cg07635623","5'UTR/1stExon",0.0412734755897919,0.358026297639201,498,"NS"
"cg11393995","Promoter",-0.0353378536231302,0.431363491085643,498,"NS"
"cg25003777","5'UTR/1stExon",0.0301734902836937,0.501704731325835,498,"NS"
"cg27056119","Promoter",-0.0217806165071754,0.627754054391035,498,"NS"
"cg00031256","Promoter",-0.0200001168244605,0.656143550077776,498,"NS"
"cg14652638","Promoter",-0.00705444722775431,0.875219009900446,498,"NS"
"cg08542865","Promoter",-0.00488315647135983,0.913441310220813,498,"NS"
"cg06148264","5'UTR/1stExon",-0.00191328264216812,0.966028849527099,498,"NS"
