"gene","p_val","avg_log2FC","pct.1","pct.2","p_val_adj"
"KRT5",0,12.3916747032373,0.182,0,0
"SCGB3A1",0,11.8978566029681,0.373,0,0
"LTF",0,10.8800265362447,0.22,0.001,0
"KRT15",0,10.8732221037897,0.497,0.002,0
"KRT13",0,4.98719620054643,0.186,0.01,0
"KRT14",0,4.5906925357234,0.142,0.007,0
"CYP4B1",0,4.58525547648746,0.148,0.006,0
"SCGB1A1",0,4.54995413863147,0.171,0.011,0
"OLFM4",0,4.52516268402853,0.177,0.012,0
"MUC4",0,4.44494683705676,0.104,0.006,0
"GPR87",0,4.17958080050228,0.114,0.006,0
"GABRP",0,4.00993936137287,0.166,0.01,0
"TRIM29",0,3.69324078231368,0.207,0.022,0
"DEFB1",0,3.51531216727512,0.291,0.039,0
"PIGR",0,3.51299809048854,0.165,0.019,0
"PI3",4.26162272714749e-282,3.4857012686226,0.111,0.011,1.12979880119407e-277
"FAM3D",0,3.4459751505007,0.137,0.016,0
"ITGB6",0,3.41570438765739,0.183,0.018,0
"LCN2",0,3.39426657942444,0.156,0.013,0
"CP",0,3.3641720914604,0.201,0.021,0
"ADGRF1",2.64149309654465e-300,3.36223725630697,0.11,0.01,7.00286234824951e-296
"SPTSSB",0,3.34297700707788,0.184,0.02,0
"SLC14A1",0,3.32561276779161,0.273,0.037,0
"PDZK1IP1",0,3.32501179452421,0.22,0.022,0
"LINC01133",0,3.2953594197858,0.162,0.016,0
"ANXA3",0,3.28681354086658,0.152,0.015,0
"S100A14",0,3.28485747492973,0.332,0.046,0
"CXCL6",0,3.18566096284517,0.136,0.016,0
"MUC3A",0,3.14662401369207,0.172,0.019,0
"CXCL17",0,3.14096967700688,0.191,0.03,0
"FGFR2",1.37027753161115e-199,3.10997059958175,0.103,0.017,3.63274276405432e-195
"KRT7",0,3.0759761584426,0.375,0.069,0
"KRT17",0,3.06959844044054,0.355,0.077,0
"MPPED2",0,2.96382797253291,0.163,0.022,0
"SQRDL",0,2.94110959454002,0.147,0.018,0
"SLPI",0,2.89182061964508,0.492,0.102,0
"PTRF",0,2.88942963430578,0.231,0.031,0
"KRT23",0,2.88797142902603,0.275,0.041,0
"LAMB3",0,2.87128258641608,0.194,0.028,0
"NTN4",0,2.85756105867396,0.28,0.04,0
"SPG20",2.32402363276901e-276,2.84475215865202,0.123,0.016,6.16121905283391e-272
"MPZL2",0,2.83741417348965,0.382,0.067,0
"FAM46A",1.38134676854106e-246,2.8139151079082,0.112,0.015,3.66208841807921e-242
"RP11-44F21.5",3.67381757536342e-268,2.77976728558821,0.141,0.023,9.73965777404597e-264
"EDN1",0,2.7793953469421,0.193,0.032,0
"C1orf106",9.13251078603381e-258,2.72501357151513,0.132,0.021,2.42111993448542e-253
"C10orf54",0,2.70591075425749,0.175,0.024,0
"EPHA2",0,2.67057740519671,0.231,0.045,0
"FLRT3",3.66403821496354e-196,2.66072322835959,0.131,0.029,9.71373171168984e-192
"VSIG2",0,2.63396896996096,0.21,0.041,0
"MMP7",0,2.62356327740762,0.458,0.124,0
"CYP3A5",6.04402425033791e-223,2.61545319060597,0.132,0.025,1.60233126900708e-218
"CDH3",3.00139921015104e-183,2.57711884275914,0.111,0.022,7.95700944603142e-179
"EFNA5",1.1434412094923e-229,2.56811594808097,0.141,0.028,3.03137699048505e-225
"PVRL4",4.04093446973753e-223,2.55244206649068,0.126,0.023,1.07129213727212e-218
"S100A2",2.8585927511299e-278,2.54266811065839,0.256,0.081,7.57841524252047e-274
"GABRE",2.50778316686612e-291,2.52801019462896,0.142,0.021,6.64838395367877e-287
"CLDN1",0,2.52665985158064,0.169,0.026,0
"WFDC2",0,2.50173269529258,0.487,0.139,0
"LIPH",1.13300417278479e-287,2.45001512041006,0.197,0.046,3.00370736246976e-283
"UPK1A",2.80151769938485e-225,2.44835446236871,0.139,0.027,7.42710357283916e-221
"DKK1",3.7627317107344e-170,2.40659574914846,0.156,0.046,9.97537803832798e-166
"CTD-3252C9.4",0,2.40407255962263,0.316,0.068,0
"PRKCDBP",1.11921598992975e-221,2.39728708383947,0.12,0.02,2.96715351090276e-217
"MECOM",0,2.39579766419077,0.155,0.023,0
"S100P",3.13373458461805e-135,2.32513352288137,0.102,0.025,8.30784375728091e-131
"PRSS22",0,2.3069870000926,0.255,0.066,0
"SUSD4",2.94987012705178e-151,2.29910355078585,0.102,0.022,7.82040069382696e-147
"UPK3A",1.07342475417883e-294,2.27739971427806,0.25,0.073,2.84575636580349e-290
"LAMC2",4.07214991661554e-235,2.25045113875363,0.184,0.048,1.07956766439395e-230
"MALL",0,2.23655359720503,0.198,0.039,0
"HNRNPU-AS1",3.28667958282552e-251,2.22230851309649,0.177,0.041,8.71331624202873e-247
"C4orf32",2.41584405679516e-270,2.20935262204508,0.181,0.04,6.40464417896965e-266
"ITGA2",0,2.20425776068734,0.219,0.048,0
"C1orf132",3.07095302785417e-195,2.20331962541519,0.13,0.028,8.14140357214418e-191
"FAM92A1",8.47812388043431e-176,2.19550975963959,0.107,0.021,2.24763542194194e-171
"TJP2",1.33011719630416e-222,2.18433399057557,0.165,0.04,3.52627369912195e-218
"RP11-553L6.5",5.91754916640181e-208,2.17903050198703,0.149,0.035,1.56880145950478e-203
"MGEA5",0,2.17872421602202,0.286,0.074,0
"FAM46C",3.11243032733467e-247,2.17592640347153,0.184,0.045,8.25136404079694e-243
"PROM2",1.44249395565491e-212,2.14817821285658,0.17,0.045,3.82419572583674e-208
"LHFP",2.39155125813255e-140,2.14663665256032,0.119,0.032,6.34024154043522e-136
"C5orf45",7.39505039399739e-198,2.14427404455879,0.166,0.045,1.96050180995265e-193
"SLC4A4",3.8326652929576e-219,2.13351310988414,0.17,0.043,1.01607789581599e-214
"KIAA0430",4.86028437868069e-178,2.13253321598124,0.133,0.032,1.28850999163204e-173
"MET",2.03629861015979e-222,2.11358956527885,0.166,0.041,5.39843124539462e-218
"TPT1-AS1",3.20273534944253e-180,2.10808857680837,0.137,0.034,8.49077168490709e-176
"KIAA1683",2.92210778438117e-129,2.09454232011001,0.113,0.031,7.74679994717292e-125
"FAM65A",4.95927273235187e-163,2.08515872719644,0.12,0.028,1.3147527940738e-158
"AIM1",1.6273196947541e-146,2.08443368700791,0.118,0.03,4.31418724276258e-142
"CEACAM1",3.0633497994845e-183,2.06754868726905,0.165,0.048,8.12124665341336e-179
"ITGB8",0,2.0492659126325,0.255,0.059,0
"KIAA0368",1.12969596182131e-128,2.04241948000918,0.108,0.029,2.99493696438447e-124
"SCUBE2",0,2.04086981732673,0.243,0.064,0
"KLK11",4.87498339229654e-238,2.03181773156427,0.187,0.048,1.29240684713174e-233
"SEPP1",0,2.02905295653618,0.426,0.102,0
"FAM63B",0,1.97033251092278,0.263,0.075,0
"INADL",1.05752598367092e-176,1.96034840280796,0.156,0.044,2.80360713530997e-172
"C19orf33",0,1.95638363499773,0.366,0.107,0
"RARRES1",0,1.9479229092734,0.386,0.132,0
"THSD4",5.39090479327511e-232,1.94637798215433,0.254,0.091,1.42918276974516e-227
"LINC00152",0,1.94409914529066,0.314,0.083,0
"CCDC64B",8.31932495544868e-232,1.93784500243621,0.195,0.053,2.205536238939e-227
"LINC00998",0,1.93686059104268,0.315,0.088,0
"ADGRG6",1.66665085559768e-213,1.93347648301521,0.148,0.033,4.41845808327502e-209
"PDE8B",5.29759196194782e-186,1.92876106317506,0.182,0.057,1.40444460503199e-181
"CTD-2336O2.1",6.4262571810577e-269,1.92498710189873,0.23,0.065,1.70366504127021e-264
"KRT19",0,1.91884778398711,0.613,0.263,0
"KIAA0141",3.552483148015e-136,1.91558736153388,0.114,0.03,9.41798807370257e-132
"PPL",2.10403737339994e-145,1.90643794339493,0.146,0.046,5.57801348062057e-141
"PHYHD1",1.37578819947079e-185,1.89426002193085,0.125,0.027,3.64735209561701e-181
"MUC1",8.53814530184387e-193,1.8907145368668,0.177,0.052,2.26354770097183e-188
"EHF",2.73418400392643e-255,1.88466151870311,0.279,0.1,7.24859521280935e-251
"C5orf56",1.71219664475385e-172,1.88362775608999,0.162,0.048,4.53920452490692e-168
"COLCA1",1.94953079817316e-290,1.88250411727997,0.322,0.12,5.16840109903686e-286
"TMEM2",5.71566456269887e-233,1.8807956960013,0.194,0.052,1.5152798322171e-228
"MACC1",9.54834643536032e-151,1.88073225801616,0.121,0.031,2.53136212347837e-146
"SNHG18",3.37934204434619e-302,1.87481300565146,0.223,0.054,8.95897369376618e-298
"RP4-568C11.4",1.89552646732766e-156,1.85034768882306,0.133,0.035,5.02523021753236e-152
"AC013461.1",7.11509096870944e-192,1.84050623260381,0.182,0.054,1.88628176671456e-187
"ERBB2IP",1.14164474653545e-186,1.83599381845537,0.181,0.055,3.02661438754014e-182
"TACSTD2",0,1.82663029387479,0.611,0.228,0
"GRAMD3",4.6190680092013e-162,1.82658679493823,0.136,0.036,1.22456111991936e-157
"ACKR1",2.88172467119862e-225,1.820425383885,0.145,0.03,7.63974027581467e-221
"GPRC5A",0,1.81330178515358,0.426,0.157,0
"RP11-138A9.1",6.46424945843395e-128,1.81274653909633,0.109,0.029,1.71373717392543e-123
"NACA2",1.62510895806211e-105,1.80118631701124,0.109,0.034,4.30832635871845e-101
"C15orf57",4.87742463615342e-134,1.79878950727007,0.13,0.039,1.29305404529063e-129
"PVRL2",0,1.78655977226933,0.306,0.096,0
"MEIS2",5.89516188853672e-298,1.78123856649577,0.264,0.077,1.56286636826997e-293
"ATXN7",5.04220243112078e-153,1.78069164638792,0.139,0.04,1.33673828651443e-148
"LINC00657",0,1.77658232207702,0.419,0.136,0
"ITGB4",5.54377973615932e-233,1.77239542057954,0.201,0.056,1.4697114458532e-228
"TSPAN12",9.72870923056456e-172,1.77206597183359,0.169,0.052,2.57917810411497e-167
"SOX7",2.14023807028503e-169,1.77080763357218,0.152,0.043,5.67398514813266e-165
"TMEM45B",9.0133896730598e-156,1.76423558169185,0.157,0.049,2.38953973622488e-151
"FO538757.2",1.23403626968408e-150,1.75512150853493,0.159,0.051,3.27155355455945e-146
"PAPD5",1.04001574192939e-121,1.75151139158255,0.126,0.039,2.75718573342899e-117
"SCD5",2.16447888086306e-172,1.7512569433063,0.186,0.063,5.73824996105607e-168
"PLLP",1.08083206721584e-114,1.74989088168706,0.108,0.031,2.86539389339591e-110
"CCL3L3",3.27957146196435e-138,1.74779585199274,0.121,0.033,8.6944719028137e-134
"SLC40A1",0,1.7418792071794,0.339,0.103,0
"RP3-325F22.5",6.5147397787848e-142,1.73822265517915,0.136,0.04,1.72712266275364e-137
"MIR222HG",0,1.73744561860929,0.286,0.086,0
"SGMS2",7.95087630011889e-190,1.73223731355459,0.187,0.057,2.10785681592452e-185
"FAM73A",3.97994346748947e-102,1.73085661508955,0.106,0.033,1.05512281266613e-97
"LINC01503",9.06365136765294e-140,1.72524638084286,0.139,0.042,2.40286461407847e-135
"STEAP4",4.28165784447182e-129,1.72496414826252,0.107,0.028,1.13511031114792e-124
"CSTA",2.51203523701524e-237,1.72280787970459,0.203,0.055,6.65965661685111e-233
"RHOV",3.47567659756356e-228,1.71919591719259,0.261,0.094,9.21436622780075e-224
"ACHE",3.21377203218202e-121,1.71589891528049,0.121,0.037,8.52003103451775e-117
"CXCL1",0,1.71508733641231,0.455,0.193,0
"HBB",4.90411826439291e-298,1.71234826827422,0.295,0.097,1.3001307930732e-293
"PROSC",4.00080094986073e-197,1.71228695373039,0.195,0.06,1.06065233981758e-192
"SOX15",4.25863620716869e-149,1.71004277063072,0.143,0.042,1.12900704488249e-144
"SEPN1",6.08616085353611e-173,1.70505759858107,0.183,0.059,1.61350210388096e-168
"AHSA2",8.18635042729311e-176,1.70316561530297,0.185,0.06,2.17028336177968e-171
"NEURL3",5.09783259077305e-121,1.69995665408652,0.124,0.038,1.35148639813984e-116
"TUG1",1.39202852556128e-271,1.68532653505012,0.282,0.094,3.6904068241155e-267
"BRE",4.63395384223412e-100,1.6847158127751,0.102,0.031,1.22850750311469e-95
"FHL2",0,1.66880886040079,0.409,0.138,0
"FAM127A",1.5242894320378e-282,1.66522040125118,0.293,0.097,4.0410437132754e-278
"TSPAN1",0,1.66354866930396,0.445,0.167,0
"LINC00116",0,1.66181270277258,0.413,0.135,0
"FERMT1",3.31998378572318e-80,1.66077467161634,0.111,0.042,8.80160901433073e-76
"AMOTL2",4.04079288530633e-145,1.65666644682558,0.143,0.043,1.07125460182356e-140
"SFN",3.01082752269251e-301,1.65557644665801,0.401,0.168,7.98200484541012e-297
"KCNK1",2.13382887294055e-160,1.64669171748196,0.202,0.074,5.65699372505269e-156
"MYEOV2",0,1.64160552499194,0.546,0.197,0
"WASH1",6.13642871425672e-141,1.63898493307151,0.165,0.057,1.6268286164366e-136
"CTD-2020K17.4",1.35689216157487e-195,1.63818766859926,0.196,0.061,3.59725680955115e-191
"RP11-108M9.4",8.16020101702897e-119,1.62997371570888,0.136,0.046,2.16335089162455e-114
"HBA2",3.03460241319234e-236,1.62946387620083,0.257,0.088,8.04503445761421e-232
"EGFR",2.25883283043578e-195,1.62322980340103,0.212,0.07,5.9883917167683e-191
"EIF3J-AS1",7.9124205491724e-172,1.62254909181511,0.182,0.058,2.09766181179109e-167
"ASS1",9.05788065772661e-259,1.61382884029838,0.324,0.127,2.4013347411699e-254
"RP11-140K17.3",2.07371525135688e-157,1.61116935036041,0.173,0.057,5.49762650287224e-153
"KLF5",1.98534706756116e-301,1.61072947175219,0.455,0.229,5.26335361081139e-297
"PAPD4",2.3939559059091e-107,1.60323793112961,0.127,0.043,6.3466165021556e-103
"GLTSCR2",0,1.60244368587707,0.636,0.237,0
"TSPAN7",6.30042985321244e-99,1.60076420595773,0.109,0.036,1.67030695838515e-94
"SELM",0,1.59767305329905,0.559,0.179,0
"EPHB6",7.10644424201988e-157,1.59696149415467,0.146,0.042,1.88398943300189e-152
"CX3CL1",0,1.59504024553821,0.313,0.1,0
"VIMP",0,1.59496686630983,0.356,0.12,0
"CTC-444N24.11",4.43209381301617e-131,1.59437488604838,0.155,0.054,1.17499239076872e-126
"TGM2",0,1.59094277571313,0.344,0.12,0
"GATA3",5.68690731628016e-279,1.58788601516324,0.18,0.037,1.50765599861903e-274
"RP11-532F12.5",0,1.58214697904055,0.409,0.151,0
"NT5E",4.93051780565299e-120,1.57997418408131,0.106,0.029,1.30712957545666e-115
"CYYR1",5.17213054001864e-101,1.5790943529494,0.102,0.031,1.37118352746434e-96
"RTFDC1",5.7514660065954e-218,1.57508923417979,0.263,0.096,1.52477115300851e-213
"TM4SF1-AS1",3.25536291293092e-102,1.57424719239286,0.109,0.035,8.63029261847115e-98
"SELE",1.50363365261289e-156,1.57374801520272,0.149,0.043,3.98628317644204e-152
"AC090498.1",0,1.57352509148659,0.602,0.223,0
"RIC3",0,1.57178823464321,0.241,0.06,0
"ERBB3",2.98858716826655e-202,1.56991864177835,0.258,0.099,7.92304344179146e-198
"TMEM63A",6.79184389852335e-182,1.56601333010018,0.209,0.073,1.80058573593753e-177
"GUCY1A3",3.72782635468124e-106,1.56492337996152,0.112,0.035,9.88284044889543e-102
"KIAA1522",1.12931152640565e-245,1.55977159677661,0.294,0.11,2.99391778765401e-241
"SERTAD4-AS1",2.49014838846944e-244,1.55761639954899,0.22,0.062,6.60163239267133e-240
"SEP15",0,1.55601623051013,0.49,0.172,0
"SEPW1",0,1.55355677919733,0.604,0.222,0
"PTPRK",4.66577975812237e-281,1.55348226221205,0.315,0.113,1.23694487167582e-276
"LINC00969",1.14790614574259e-265,1.55134232730383,0.303,0.107,3.04321398297819e-261
"MMP24-AS1",0,1.54982456694437,0.431,0.155,0
"METTL10",5.58392831094186e-111,1.5489303537432,0.139,0.05,1.4803552345138e-106
"ZZZ3",3.81609372688504e-87,1.54750317688879,0.114,0.041,1.01168460793449e-82
"CRACR2B",3.19233454805531e-212,1.54374004033459,0.327,0.148,8.46319812034943e-208
"PSMD5-AS1",2.86690323226517e-120,1.53836298761199,0.163,0.062,7.6004471590582e-116
"PARD6B",1.98347587625397e-134,1.53831332613377,0.192,0.077,5.25839289553691e-130
"AZGP1",4.26272327202893e-218,1.53676363175982,0.251,0.087,1.13009056664759e-213
"ATPIF1",0,1.53602921306917,0.536,0.197,0
"ZC3H11A",5.16882286888625e-283,1.53567018991806,0.326,0.117,1.37030663077043e-278
"ZCCHC6",3.33133128805611e-104,1.53457624207392,0.127,0.044,8.83169237776555e-100
"GPX1",0,1.53454530254192,0.625,0.234,0
"RP11-983P16.4",3.93685588316235e-122,1.53227778148999,0.143,0.049,1.04369986318517e-117
"FAM134C",7.39561527454416e-109,1.52824979983735,0.135,0.047,1.9606515654344e-104
"TNFSF15",9.22061029928849e-125,1.5274913866455,0.106,0.028,2.44447599644437e-120
"OSER1-AS1",7.3483274926495e-81,1.52241779157706,0.107,0.039,1.94811510157631e-76
"HNRNPA1L2",1.0621881693278e-123,1.5199852338261,0.161,0.06,2.81596705570492e-119
"BMP2",1.06801988447985e-157,1.51914444890622,0.218,0.086,2.83142751574453e-153
"SNX7",1.03984256102781e-140,1.50830863038384,0.151,0.048,2.75672661354084e-136
"CREB3L1",2.0453225061728e-227,1.50652216453776,0.29,0.111,5.42235449611472e-223
"ADRBK1",1.65907837362446e-125,1.50458967642209,0.151,0.052,4.39838267631581e-121
"IL10RB",1.14742562945619e-204,1.49978212705874,0.245,0.088,3.0419400862513e-200
"CCDC109B",4.86156157103015e-123,1.49792685444215,0.168,0.064,1.2888485880958e-118
"RAB4B",2.90812853493827e-111,1.48942017476851,0.156,0.06,7.70973955897484e-107
"MCC",8.78095929684274e-104,1.48848261085043,0.102,0.03,2.32792011918598e-99
"ITPKC",3.43434827969958e-166,1.48319202404167,0.265,0.117,9.10480072431157e-162
"LIFR",6.66530624104682e-92,1.48227313093119,0.177,0.082,1.76703933756392e-87
"C14orf166",0,1.47946395099551,0.513,0.189,0
"HNMT",0,1.47464760044351,0.344,0.117,0
"RP11-382A20.3",4.85137743902528e-191,1.47255634156215,0.24,0.088,1.28614867285999e-186
"SCO2",2.57297223511795e-149,1.4715119107825,0.189,0.068,6.82120669252119e-145
"C3orf52",8.02736354833792e-71,1.46568642381364,0.112,0.046,2.12813435029987e-66
"LMO7",1.79489576849362e-150,1.4654848745927,0.193,0.072,4.75844817185344e-146
"ATP5F1",0,1.46311372781642,0.398,0.147,0
"DHRS3",0,1.46104893669424,0.434,0.175,0
"C10orf10",2.05266042018083e-124,1.45746586927385,0.16,0.058,5.44180803994139e-120
"RP11-670E13.6",4.87063135480419e-92,1.45689901735247,0.115,0.041,1.29125307847214e-87
"ICAM4",2.46696631493993e-115,1.45601934147935,0.124,0.039,6.54017439753725e-111
"ITGA6",1.85749643278442e-200,1.45464710607749,0.25,0.093,4.92440879295476e-196
"LEPR",3.21626370270434e-90,1.4528684052662,0.113,0.04,8.52663670223948e-86
"AC074117.10",5.10678297952683e-73,1.45133630875011,0.109,0.043,1.35385923570236e-68
"CTD-2015H6.3",1.2473509806411e-127,1.44972012161492,0.17,0.063,3.30685218477763e-123
"ST6GALNAC6",2.32884839933035e-118,1.4483445684691,0.141,0.048,6.1740099914647e-114
"ATP5G2",0,1.44535669093129,0.639,0.243,0
"ATP5L",0,1.44490981496052,0.64,0.243,0
"TSPAN15",6.40148893452204e-125,1.44422881102531,0.18,0.071,1.69709873143114e-120
"AQP3",3.42048576638313e-256,1.44289342162842,0.352,0.146,9.06804981525833e-252
"MME",1.55645908560758e-85,1.44197900744854,0.14,0.058,4.12632868185426e-81
"C16orf52",1.38619730961553e-127,1.43317838260913,0.161,0.058,3.67494768752174e-123
"TOPORS-AS1",4.92460028397911e-158,1.43267297971241,0.215,0.082,1.3055607812857e-153
"GNB2L1",0,1.43094245593062,0.644,0.245,0
"COL27A1",1.42212904393554e-120,1.4305809744276,0.116,0.034,3.77020630837752e-116
"SMAGP",1.80415195211043e-168,1.42801305156565,0.235,0.093,4.78298724023997e-164
"LPAR6",2.78693195172151e-241,1.4260974750484,0.304,0.115,7.3884352972089e-237
"PPP2R4",4.28125917422715e-198,1.42461265827453,0.262,0.1,1.13500461967936e-193
"TNFAIP2",3.15531321318234e-259,1.42280825849011,0.412,0.192,8.3650508594677e-255
"ZCCHC11",3.32241046169812e-141,1.42131239586573,0.192,0.073,8.80804237500789e-137
"TNFSF10",0,1.41946406507706,0.438,0.165,0
"AGR2",0,1.41921125351481,0.407,0.153,0
"FAM134A",1.82519439689934e-177,1.41811573634802,0.242,0.093,4.83877286561985e-173
"RFWD2",7.64045409541885e-89,1.41601933419249,0.131,0.051,2.02556078523649e-84
"SNCG",2.4428907653206e-294,1.41541417950732,0.337,0.12,6.47634770794144e-290
"GRTP1",5.70826620527202e-70,1.41463608997856,0.109,0.044,1.51331845367967e-65
"EBLN3",1.63010893222046e-190,1.41259505424129,0.258,0.099,4.32158179020967e-186
"MAP3K1",1.82122367342503e-154,1.41108408642502,0.162,0.051,4.8282460806171e-150
"EXPH5",1.03365160420517e-73,1.40979291626589,0.122,0.051,2.74031376790833e-69
"ERBB2",2.27008492193906e-174,1.40425507186287,0.241,0.094,6.01822213655264e-170
"TM4SF1",0,1.399387610848,0.668,0.304,0
"PTGES",1.91186614523563e-102,1.39645167399613,0.107,0.033,5.06854833763419e-98
"ATP5O",0,1.39409364607699,0.587,0.22,0
"MESDC1",2.04213622868738e-111,1.39299242203699,0.162,0.063,5.41390735587312e-107
"C19orf43",0,1.3925436118116,0.598,0.224,0
"IGFBP3",4.66374794543387e-303,1.39195332695193,0.337,0.118,1.23640621781397e-298
"RND1",6.09826447484018e-127,1.39132970569816,0.155,0.054,1.61671089492488e-122
"OBFC1",1.25080092404651e-91,1.39094638350358,0.127,0.048,3.31599832973971e-87
"TMEM57",1.65996275114488e-91,1.38934948151857,0.139,0.055,4.40072724956018e-87
"RP11-12G12.7",5.19445819385626e-90,1.38804960608065,0.137,0.055,1.37710281177323e-85
"TFAP2C",3.43786769235318e-113,1.38636542008607,0.19,0.082,9.11413103919751e-109
"FGGY",2.07142024921535e-81,1.38616636562192,0.138,0.059,5.49154222269482e-77
"TNFRSF10D",4.67215800595079e-116,1.38474676524134,0.141,0.049,1.23863580895761e-111
"IRF6",3.25294065251832e-172,1.38106695790055,0.306,0.144,8.62387096389132e-168
"SELK",0,1.37850587361021,0.568,0.217,0
"WHSC1L1",3.31704864095611e-295,1.37806317911012,0.383,0.15,8.79382765203875e-291
"SCNN1A",4.2919093212084e-96,1.36935332996682,0.167,0.073,1.13782808014556e-91
"CTC-338M12.5",1.48298013434013e-62,1.3671409417095,0.101,0.041,3.93152863414913e-58
"SDC4",8.66424855808859e-249,1.36363483701836,0.445,0.231,2.29697893523487e-244
"PSCA",5.69118242831637e-163,1.36136620901023,0.239,0.095,1.50878937357095e-158
"YAP1",3.78176001990842e-182,1.35705404713585,0.235,0.088,1.00258239887792e-177
"C11orf57",1.17466208712788e-101,1.35252511730996,0.142,0.053,3.11414665918473e-97
"LINC00493",0,1.34665734811571,0.557,0.214,0
"EYA2",1.46814167740944e-93,1.34603201840128,0.162,0.07,3.89219040098016e-89
"IL20RA",9.31288558378028e-96,1.34581911252434,0.161,0.068,2.46893909711599e-91
"RP11-83A24.2",3.52208623650971e-108,1.34397320894004,0.173,0.072,9.3374028216109e-104
"SYCE1L",6.25501069868815e-172,1.34387025282658,0.301,0.139,1.65826588632922e-167
"ATP5H",0,1.34341088492308,0.535,0.206,0
"MESDC2",1.88583004341321e-168,1.3432773412351,0.245,0.097,4.99952402809275e-164
"ATP5A1",0,1.33990004279979,0.504,0.192,0
"GBAS",3.91452448572581e-230,1.33865653275475,0.319,0.126,1.03777958641077e-225
"MLLT4",7.57970428126282e-263,1.33469052855029,0.347,0.133,2.00945540200559e-258
"CRABP2",0,1.33069384947195,0.537,0.248,0
"C14orf2",0,1.32777877672783,0.623,0.239,0
"TCEB2",0,1.32771248021206,0.634,0.243,0
"KCTD1",4.15296591838663e-66,1.3270550414478,0.149,0.073,1.10099279462348e-61
"CPSF3L",2.01446227018072e-136,1.32549672496109,0.2,0.079,5.34054092447611e-132
"RAMP3",5.78930563405423e-100,1.32448750895106,0.123,0.043,1.53480281664412e-95
"CLCF1",6.2587975850741e-106,1.32328049959619,0.164,0.067,1.65926982777899e-101
"ATP5D",0,1.31832548729753,0.615,0.237,0
"RP11-352M15.2",8.9516850904883e-83,1.31774025318305,0.139,0.058,2.37318123433935e-78
"CCDC53",3.865219301943e-125,1.31569499001653,0.197,0.081,1.02470828913811e-120
"NPAS2",7.82934177316609e-65,1.31516302686851,0.105,0.043,2.07563679748406e-60
"IFT172",3.54278574080893e-76,1.31448309539558,0.119,0.048,9.39227927745856e-72
"C2CD4B",1.35732125286205e-96,1.31321386604438,0.112,0.037,3.59839437346257e-92
"LINC01420",0,1.30938777711773,0.453,0.178,0
"TOMM70A",5.67327706153635e-117,1.30844043313369,0.163,0.062,1.5040424817839e-112
"CRIM1",9.65996358840438e-226,1.30682982744825,0.245,0.08,2.56095294692188e-221
"CLDN5",3.14924649253652e-92,1.3020312927,0.118,0.042,8.34896737636357e-88
"TMEM30B",2.39876862645519e-136,1.29702323621313,0.237,0.105,6.35937550559536e-132
"JAM2",6.73192017903281e-75,1.29693058165232,0.108,0.041,1.78469935866339e-70
"RP11-467L13.7",6.59801448342861e-87,1.29652438004277,0.14,0.057,1.74919961970176e-82
"SEMA3C",9.95040655422807e-111,1.29540548670965,0.168,0.068,2.6379522815914e-106
"C9orf142",4.28165665091141e-280,1.29525476638247,0.376,0.145,1.13510999472312e-275
"TNFRSF21",6.96972017004405e-184,1.29390011000975,0.338,0.163,1.84774251428038e-179
"TTTY14",7.52164074236072e-81,1.28759675949639,0.14,0.06,1.99406217720725e-76
"CH17-340M24.3",3.8154225683578e-82,1.28728615558335,0.145,0.062,1.01150667709734e-77
"LYRM5",1.24760626900949e-156,1.28662701878937,0.237,0.096,3.30752897977105e-152
"MFSD14A",2.54667297448799e-89,1.28468325988222,0.141,0.057,6.75148472266511e-85
"ZNF90",8.44982101155093e-115,1.28391130745863,0.187,0.079,2.24013204837227e-110
"RARG",4.50000510981685e-126,1.28338290196735,0.146,0.049,1.19299635466355e-121
"FRMD6",1.1518249350105e-105,1.2824265507904,0.145,0.054,3.05360308520635e-101
"MYOF",6.11012713274735e-203,1.2799487854256,0.203,0.061,1.61985580416265e-198
"PCAT19",1.43569904865988e-101,1.27868243784487,0.155,0.062,3.80618174790222e-97
"ATP5E",0,1.27707579114016,0.644,0.245,0
"LYPD6B",2.22478586198361e-77,1.27647649606652,0.158,0.074,5.89812979870475e-73
"SELT",0,1.27603827660368,0.428,0.174,0
"MTUS1",3.07014111252601e-215,1.27305174296926,0.267,0.097,8.13925110341772e-211
"HN1L",8.19896137391564e-127,1.27089180343804,0.211,0.089,2.17362664983878e-122
"SHROOM1",9.67187770294083e-120,1.268677428029,0.228,0.106,2.56411149782664e-115
"LXN",1.76232338921281e-223,1.26666433830499,0.315,0.125,4.67209553714208e-219
"FAM103A1",3.57074478838792e-123,1.26408472547134,0.21,0.09,9.46640150849521e-119
"BARX2",1.35387903449284e-52,1.26289181906127,0.102,0.046,3.58926870834397e-48
"CDC42EP5",2.12437910852032e-238,1.26159516558801,0.25,0.078,5.63194145459822e-234
"RP11-51J9.5",2.1818813980737e-62,1.26117243046499,0.102,0.042,5.78438577443319e-58
"MID1",3.60738503761446e-82,1.2606365197552,0.154,0.069,9.5635384732197e-78
"UFD1L",1.15233926036942e-167,1.25650061331755,0.258,0.106,3.05496661316538e-163
"GSTO2",2.13299112164945e-170,1.25616452845482,0.294,0.132,5.65477276260485e-166
"ERMP1",1.53369931230735e-62,1.25574618429669,0.102,0.042,4.06599024685802e-58
"ATP5EP2",1.66185747003775e-155,1.25458487503408,0.26,0.112,4.40575033881707e-151
"C11orf31",0,1.25389858697403,0.598,0.23,0
"SEMA4B",2.104212298277e-93,1.25119422870833,0.15,0.062,5.57847722396216e-89
"TRAPPC2P1",2.74218907035546e-70,1.25014800100243,0.121,0.051,7.26981744441935e-66
"RAB27B",9.84276839248324e-164,1.24889117707599,0.15,0.042,2.60941632853123e-159
"EMCN",2.29085962777682e-80,1.2479637518269,0.106,0.038,6.07329795919914e-76
"C19orf60",0,1.24687519812699,0.479,0.191,0
"ATP5C1",2.6411551849478e-301,1.24212927616297,0.427,0.172,7.0019665108151e-297
"INPP1",1.33542352639031e-140,1.23666009332256,0.217,0.089,3.54034131081334e-136
"TMEM5",4.47529921991055e-104,1.23282388702245,0.174,0.073,1.18644657619049e-99
"FBXO18",3.74481986633869e-73,1.22734247578898,0.13,0.056,9.92789194765051e-69
"RP11-195F19.5",3.83944925651423e-70,1.22590936679716,0.128,0.056,1.01787639239449e-65
"C4orf27",4.59562283177536e-66,1.22494346769453,0.125,0.056,1.21834556893196e-61
"TCEB3",5.02604441018753e-68,1.2225756316129,0.119,0.05,1.33245463358482e-63
"ATP5G3",0,1.22249899338694,0.566,0.221,0
"ATP5J",0,1.2195231320975,0.602,0.235,0
"ECSCR",2.84276672626286e-88,1.21566677158649,0.12,0.044,7.53645886799546e-84
"DSCR3",1.19137537404214e-58,1.21550149675282,0.116,0.052,3.15845525412311e-54
"ATP5I",0,1.21493055830166,0.634,0.242,0
"ATP5SL",1.01476173350872e-86,1.21479008908721,0.156,0.068,2.69023483170496e-82
"U47924.27",2.44159260495322e-150,1.21334950966606,0.248,0.105,6.47290615499147e-146
"SH3BGRL2",8.52072731496726e-65,1.20954880782719,0.151,0.075,2.25893001847097e-60
"ADGRL4",1.98467556270207e-77,1.20884793862423,0.104,0.038,5.26157338427946e-73
"CTA-29F11.1",1.23844644886489e-144,1.20796412237971,0.233,0.097,3.28324538058571e-140
"MARVELD3",3.31041519766599e-54,1.20692121326921,0.122,0.059,8.7762417305323e-50
"BEST1",1.69824385334806e-100,1.2065035422184,0.182,0.08,4.50221427961103e-96
"PALMD",3.97241007143027e-106,1.20552311800133,0.122,0.04,1.05312563403688e-101
"PBX1",5.57491697779719e-279,1.20455526986697,0.457,0.216,1.47796623998381e-274
"KIAA1671",4.27307994734915e-96,1.20444941655798,0.136,0.052,1.13283622484173e-91
"ERP27",1.56910987416139e-62,1.20023896537281,0.114,0.05,4.15986718738925e-58
"DMKN",2.41203501106494e-258,1.19215221672876,0.421,0.19,6.39454601783426e-254
"UTP11L",2.68387883887559e-90,1.18952049584484,0.163,0.071,7.11523118974309e-86
"C1RL",1.42239390636156e-94,1.18597922437488,0.126,0.045,3.77090848515512e-90
"GPX3",2.28711265607025e-195,1.18509307713946,0.329,0.146,6.06336436250784e-191
"SDCCAG3",1.00362053124502e-60,1.18455766820843,0.116,0.052,2.66069839038368e-56
"TMEM55B",1.02537033874164e-82,1.18348546496765,0.155,0.069,2.71835930503797e-78
"TCF7L1",2.40729966305944e-107,1.18203777683243,0.127,0.043,6.38199213673688e-103
"FAM195B",2.09296231028593e-251,1.17986739645471,0.385,0.161,5.54865238079904e-247
"SKIV2L2",1.6566740611517e-48,1.17845822630801,0.102,0.047,4.39200860351928e-44
"FAM127B",6.15739129836983e-221,1.17028978774428,0.35,0.147,1.63238600711083e-216
"VWA9",2.25822071707462e-57,1.16912942791802,0.112,0.05,5.98676894303652e-53
"SHB",1.41324553746619e-74,1.16836401147766,0.163,0.079,3.74665524437661e-70
"EGLN2",3.06400583254699e-123,1.16814756841407,0.222,0.098,8.12298586266531e-119
"ABLIM1",5.40027067034046e-154,1.16605257807803,0.223,0.088,1.43166575741396e-149
"TEAD3",2.77699020845856e-70,1.16587717198384,0.116,0.048,7.36207874164449e-66
"SLCO2A1",1.35635856096617e-79,1.16576898529463,0.114,0.043,3.5958421809774e-75
"C6orf1",3.56515215663818e-171,1.16565393738639,0.282,0.12,9.45157488246349e-167
"USMG5",0,1.16547232331879,0.621,0.24,0
"LURAP1L",2.95509691474342e-114,1.16380230214355,0.207,0.091,7.83425743067628e-110
"CTA-293F17.1",7.0768835077875e-136,1.16296410053502,0.182,0.066,1.87615258674954e-131
"STON1",1.53655861093962e-80,1.1608299435235,0.114,0.043,4.07357053346204e-76
"LINC00936",1.32833655317743e-67,1.16030278967588,0.116,0.048,3.52155303612869e-63
"C11orf73",9.46442623465327e-201,1.15853632439302,0.336,0.146,2.50911403906893e-196
"SHFM1",0,1.15824337691149,0.611,0.236,0
"DHCR24",8.16857984054571e-140,1.15408819380622,0.259,0.117,2.16557220152707e-135
"NCEH1",2.80232178173154e-76,1.1540730201207,0.129,0.054,7.42923527554849e-72
"ST6GAL1",1.28075881513381e-161,1.15397919707093,0.291,0.134,3.39541969480124e-157
"ATP5J2",0,1.1539181167775,0.574,0.226,0
"SGSM3",2.6014243276079e-94,1.15215000391927,0.177,0.079,6.89663603492129e-90
"PRRG4",3.0032642993367e-119,1.15123682016471,0.257,0.128,7.96195398397152e-115
"SOX9",4.88819570844279e-164,1.1504497120203,0.341,0.17,1.29590956426527e-159
"ATP5B",0,1.14961599317465,0.503,0.204,0
"RIN2",2.56435380421546e-123,1.14857093857354,0.215,0.093,6.7983583703556e-119
"ZSWIM4",1.93539482604462e-61,1.14615565955329,0.11,0.048,5.13092522332688e-57
"TCEB1",0,1.14582512835683,0.516,0.212,0
"SLC7A8",7.0061597934056e-55,1.14289433313686,0.127,0.062,1.85740302282976e-50
"RP1-313I6.12",3.15858218276623e-97,1.14288863206949,0.176,0.077,8.37371722473156e-93
"VPS13D",1.42442814616062e-110,1.1421340665383,0.206,0.093,3.77630145828641e-106
"SLC9A7",4.98366033425045e-52,1.14084649330965,0.101,0.045,1.32121819121314e-47
"PITX1",2.91486266166344e-58,1.14077293436888,0.162,0.087,7.72759240233596e-54
"ZNF395",3.65780395254942e-61,1.13546021338335,0.122,0.055,9.69720405860378e-57
"C1orf27",1.95335964733713e-59,1.13529935587888,0.109,0.048,5.17855176105548e-55
"CCND1",4.11160907654543e-244,1.13524991290069,0.457,0.228,1.09002868228296e-239
"LRRC1",1.20597225825919e-59,1.13471450839599,0.133,0.064,3.19715305387095e-55
"PPP1R1B",6.76311228140972e-204,1.13270947859641,0.432,0.232,1.79296869692453e-199
"CLN3",8.86259328453221e-79,1.13185986947553,0.156,0.071,2.34956210566233e-74
"C1orf115",2.35417115160009e-47,1.13130374674212,0.121,0.061,6.241143140007e-43
"SSH3",1.14693729767427e-91,1.13050505305879,0.168,0.073,3.04064546986425e-87
"NBEAL1",1.9643461407428e-298,1.12956030358032,0.639,0.431,5.20767805372323e-294
"KCNN4",1.77189549318201e-71,1.12817808786734,0.125,0.053,4.69747214197483e-67
"S100A16",2.30169597051059e-303,1.12718469787715,0.558,0.291,6.10202618742063e-299
"RP11-395A13.2",2.12057063709233e-54,1.12425817486804,0.106,0.047,5.62184481599547e-50
"C20orf24",1.70832818356432e-206,1.1241008601178,0.358,0.158,4.52894884744737e-202
"RIPK4",1.96020510519863e-42,1.12304976008853,0.121,0.065,5.19669975439209e-38
"EVA1C",9.54281933486002e-98,1.12246505579009,0.176,0.077,2.52989683386474e-93
"DOCK5",2.75081407200233e-78,1.12052129287236,0.116,0.045,7.29268318628539e-74
"ALDOA",0,1.11999126953029,0.659,0.371,0
"DOCK9",1.17509096006761e-81,1.1197289417322,0.137,0.057,3.11528364423523e-77
"NHSL2",1.32560866553038e-74,1.11899675548221,0.106,0.04,3.51432113318758e-70
"C17orf62",5.40233962090264e-97,1.1182678126238,0.195,0.09,1.4322142568975e-92
"LPCAT4",8.42099588077276e-90,1.11628022680391,0.168,0.075,2.23249021795167e-85
"LMCD1",2.05587964417047e-133,1.11618009808744,0.24,0.107,5.45034252466033e-129
"AC007246.3",3.16768388494713e-90,1.10986695085703,0.149,0.061,8.39784674738333e-86
"C14orf1",1.76334977191895e-161,1.10971962451887,0.291,0.128,4.67481658033433e-157
"DAB2IP",8.06220474609093e-72,1.10777615122351,0.114,0.046,2.13737110023617e-67
"MINA",3.38491498894058e-56,1.10675066975856,0.1,0.042,8.97374812718036e-52
"EPHX2",5.23046124228777e-74,1.10644199319482,0.135,0.059,1.38664757994291e-69
"SORL1",6.93534968799205e-159,1.10576786436808,0.306,0.145,1.83863055578357e-154
"RP11-242D8.1",2.03835676070554e-76,1.10211159974913,0.139,0.06,5.40388760830646e-72
"AC093673.5",1.01165976186777e-81,1.09950167013516,0.159,0.071,2.68201119468763e-77
"NFIA",1.25680546493794e-269,1.09892153798342,0.473,0.228,3.33191696809698e-265
"HSPB8",1.31530419075543e-93,1.09736950131072,0.133,0.05,3.48700294011173e-89
"PTPRS",9.7083089135019e-79,1.09586148728452,0.233,0.13,2.57376977605849e-74
"PER2",2.88001819171143e-86,1.09445243137711,0.178,0.084,7.63521622804619e-82
"RP11-539L10.3",1.77939204723071e-57,1.09441843874486,0.113,0.05,4.71734625641334e-53
"GRB7",1.75100592420159e-85,1.09356075181545,0.217,0.113,4.64209180565084e-81
"KIAA0907",5.18183267946391e-129,1.091304568282,0.239,0.106,1.37375566165268e-124
"METTL7A",6.48545991700666e-122,1.09067699395292,0.207,0.088,1.71936027859764e-117
"LIMCH1",4.03032231182202e-196,1.0904938550444,0.405,0.208,1.06847874808713e-191
"PTPN14",3.96796622345164e-96,1.08621646716692,0.203,0.096,1.05194752549927e-91
"WBSCR16",4.70280002246598e-51,1.08455366950187,0.118,0.057,1.24675931395596e-46
"CDH1",6.27123361068781e-151,1.08310669959689,0.362,0.198,1.66256674252944e-146
"HOTTIP",4.8509889266604e-68,1.08262056533271,0.115,0.048,1.28604567434694e-63
"BACE2",8.71730762364965e-179,1.07712816980587,0.349,0.169,2.31104542410576e-174
"PART1",1.43169514548765e-147,1.07584793726444,0.263,0.115,3.79556700020232e-143
"PTPRB",2.7140986140264e-62,1.07495811055625,0.102,0.041,7.19534683564539e-58
"GPX2",1.97770038072629e-34,1.07147151849575,0.14,0.085,5.24308147934347e-30
"SMAD3",1.89658784063033e-111,1.06897495319476,0.202,0.089,5.02804402429508e-107
"C16orf13",4.82951762517596e-285,1.06627022945809,0.467,0.2,1.2803534176104e-280
"OCLN",8.31422923364833e-78,1.06510824466787,0.222,0.122,2.20418531213251e-73
"SNAI2",1.18820519122184e-71,1.06496154591008,0.13,0.056,3.15005078244822e-67
"SETD9",4.68695574392095e-68,1.06490740352009,0.124,0.054,1.24255883727088e-63
"PCNXL4",3.83188639510625e-49,1.06041360997146,0.124,0.062,1.01587140220662e-44
"ADM",3.26564084143583e-128,1.0592078181498,0.267,0.127,8.65754043473054e-124
"NUPR2",1.79092194963484e-55,1.05909447855871,0.135,0.067,4.74791318067692e-51
"OSBPL10",2.60070765100509e-79,1.05889756036677,0.194,0.099,6.89473605357958e-75
"IRS1",6.51588002881541e-50,1.05789675091273,0.111,0.053,1.72742495443925e-45
"WBP5",3.54030624325106e-304,1.05574098541928,0.464,0.185,9.38570588148287e-300
"KIAA1217",1.12474381022327e-99,1.05525806935313,0.218,0.105,2.98180831528292e-95
"N6AMT2",1.45959343221302e-46,1.05516795570449,0.101,0.048,3.86952814813993e-42
"ADCK3",5.78492526568089e-61,1.05238053586244,0.114,0.05,1.53364153718466e-56
"UQCRHL",2.30409421501009e-44,1.05196322922102,0.13,0.07,6.10838417341325e-40
"CTB-50L17.10",5.89955564318414e-46,1.05130855668491,0.113,0.056,1.56403119656455e-41
"RBM47",6.38946972304522e-142,1.04944519265369,0.33,0.174,1.69391231827652e-137
"ZDHHC13",4.34644796401354e-43,1.04776045335715,0.111,0.056,1.15228681973963e-38
"CMTM8",8.82083438047314e-139,1.04695710387379,0.332,0.175,2.33849140260723e-134
"SLC2A10",3.1961967836525e-56,1.04509484590539,0.124,0.059,8.47343729314115e-52
"MAGI1",4.0713808579802e-101,1.04441573205895,0.226,0.112,1.07936377925913e-96
"LMO2",8.98205201100809e-44,1.04281842330953,0.109,0.055,2.38123180863835e-39
"WBSCR27",9.32874530844412e-51,1.04271734501901,0.102,0.046,2.47314366872162e-46
"MGST1",1.45173156549495e-254,1.04111093564555,0.474,0.224,3.84868555328367e-250
"POLR2J3",9.90998459379173e-155,1.0380356954231,0.308,0.144,2.62723601566012e-150
"ILF3-AS1",2.46013764700669e-119,1.03777391597007,0.242,0.112,6.52207091597944e-115
"PDLIM1",1.89420970387062e-259,1.03521924118045,0.547,0.308,5.02173934593139e-255
"C21orf59",3.38780357405262e-111,1.03497290342822,0.231,0.108,8.9814060551709e-107
"SH2D3A",3.19668215718254e-71,1.03492572529217,0.14,0.063,8.47472406690664e-67
"PLA2G2A",3.08700375716648e-119,1.03441079608732,0.177,0.069,8.18395566062405e-115
"TPBG",1.31869573598728e-111,1.03399782643277,0.227,0.106,3.49599426567589e-107
"ETV6",5.11153640336713e-109,1.03375393220827,0.226,0.106,1.35511941589666e-104
"C8orf4",3.66068216930311e-221,1.03328211936116,0.34,0.135,9.70483449903948e-217
"PPP1R13L",2.12641445556544e-64,1.03134754769321,0.153,0.076,5.63733736314953e-60
"ACSL5",2.15127789360542e-89,1.02840698803075,0.152,0.064,5.70325282373734e-85
"NOP2",4.28177978431175e-44,1.02551683747734,0.112,0.057,1.13514263861889e-39
"LGR4",7.59366032735489e-56,1.02499715875049,0.115,0.053,2.01315528938506e-51
"TRIB2",1.66591553350988e-123,1.02491363129718,0.221,0.096,4.41650867088803e-119
"PLAU",3.04919069380767e-115,1.02469383156771,0.193,0.08,8.08370944835353e-111
"CD34",3.5779754587992e-66,1.02285015944741,0.11,0.045,9.48557073882255e-62
"MYO5C",1.7105862870626e-53,1.02270207895265,0.117,0.056,4.53493530563166e-49
"FOSL1",1.17749047207968e-56,1.02060174996979,0.185,0.104,3.12164499053043e-52
"MAST4",2.56505064915227e-179,1.01838112644048,0.363,0.177,6.80020577596757e-175
"RNF144B",3.50881708518658e-103,1.01487980302575,0.194,0.087,9.30222497453813e-99
"STC1",2.09512356883658e-43,1.01487056834872,0.101,0.049,5.55438209334265e-39
"CPEB2",5.58551538303567e-68,1.01417801867449,0.116,0.048,1.48077598319659e-63
"LINC00960",7.33382496099018e-55,1.01246491930822,0.113,0.052,1.94427033540811e-50
"SRGAP3",5.27401576828791e-47,1.01152569702225,0.13,0.068,1.39819432033081e-42
"ATP5G1",0,1.00864648090238,0.536,0.222,0
"LYPD3",2.99145903090315e-56,1.00820174603954,0.15,0.077,7.93065703682735e-52
"NGFRAP1",0,1.00801818209844,0.58,0.231,0
"ANXA2",0,1.00070812814241,0.753,0.457,0
"MIR22HG",1.79778343097796e-191,0.997381355110524,0.393,0.193,4.76610365386568e-187
"CAV2",1.12957231463154e-172,0.995798781364113,0.245,0.092,2.99460916331968e-168
"CALCRL",1.32123392726106e-62,0.993108898240178,0.109,0.046,3.50272326456179e-58
"DUSP23",4.05557353924318e-227,0.989473678713381,0.599,0.392,1.07517310098876e-222
"TMEM261",1.06504620237587e-236,0.989473546893008,0.425,0.189,2.82354398711867e-232
"RP11-295G20.2",2.53782702753486e-84,0.988487409971241,0.18,0.084,6.72803323269767e-80
"NFIB",4.249738829636e-238,0.986054068983908,0.557,0.334,1.1266482611248e-233
"AQP1",4.68161266731132e-74,0.985445100739902,0.15,0.068,1.2411423342309e-69
"CH17-189H20.1",9.23951999729728e-129,0.983869800622216,0.257,0.117,2.44948914648348e-124
"LINC01315",2.42712944721709e-41,0.979783042055965,0.142,0.081,6.43456287751722e-37
"TACC2",8.81153749345186e-59,0.979201365403571,0.155,0.08,2.33602670488902e-54
"KIAA1715",7.13103362266678e-45,0.97506000799376,0.119,0.06,1.89050832370519e-40
"STRA13",1.34191697332712e-239,0.974255373130768,0.449,0.2,3.55755608798754e-235
"CXADR",1.21722740906393e-140,0.973181599486195,0.452,0.294,3.22699158416939e-136
"FLT1",2.71447844202722e-59,0.972990116118793,0.105,0.044,7.19635379765837e-55
"CADPS2",1.36077555201258e-76,0.971542369151317,0.187,0.093,3.60755206594056e-72
"EMP1",5.8116801561212e-202,0.970325066155523,0.366,0.163,1.54073452618929e-197
"RP11-14N7.2",4.67304033226629e-105,0.969527552595686,0.219,0.1,1.23886972248711e-100
"CXCL2",6.55165754462307e-273,0.968957419434224,0.54,0.277,1.73690993165502e-268
"ENTPD5",2.88824856309355e-52,0.968089459692434,0.146,0.077,7.65703576561731e-48
"FXYD3",1.99895339729839e-239,0.967921237239375,0.62,0.415,5.29942535157777e-235
"ROBO1",6.96004384527031e-91,0.967650088867897,0.201,0.096,1.84517722381961e-86
"GPD1L",5.61708006331752e-57,0.966481908688269,0.127,0.061,1.48914409558611e-52
"IFI44L",2.18701273125837e-133,0.966398184586399,0.237,0.101,5.79798945183905e-129
"PLEKHF1",7.11646048109386e-64,0.964524246523268,0.117,0.051,1.88664483814279e-59
"AC091729.9",9.97171409587295e-55,0.963844991171924,0.131,0.064,2.64360112395688e-50
"ARHGAP12",2.35874377701036e-64,0.962310315881796,0.156,0.078,6.25326562723217e-60
"METTL12",7.08180497920765e-202,0.95820980808737,0.395,0.181,1.87745731803774e-197
"PDLIM4",5.18335466277662e-189,0.956768364118304,0.374,0.176,1.37415915464871e-184
"RP11-792A8.4",3.42399076230317e-86,0.95561602275682,0.197,0.095,9.07734190994192e-82
"DEPTOR",2.81648913534805e-52,0.955562785378393,0.101,0.044,7.46679434672122e-48
"TFF1",7.69593598060278e-57,0.95535800587035,0.144,0.073,2.0402695878176e-52
"LLNLR-245B6.1",4.56200200453e-147,0.955136915259853,0.311,0.146,1.20943235142095e-142
"BEND7",1.20707632254456e-51,0.954976130013125,0.109,0.05,3.20008003869789e-47
"PTPRF",2.17742703582667e-122,0.954270545482831,0.401,0.251,5.77257681468008e-118
"ANKRD35",3.02386021695193e-66,0.952082279885526,0.106,0.042,8.01655582116128e-62
"ADIRF",0,0.951830853064061,0.619,0.307,0
"WBSCR22",2.52677808435475e-144,0.951691236404477,0.315,0.15,6.69874137943289e-140
"MANSC1",3.47062601067598e-57,0.948017578313787,0.143,0.072,9.20097661690309e-53
"SULT2B1",2.05332129667037e-28,0.94676841035654,0.103,0.059,5.44356008960282e-24
"CXCL8",3.53213896172087e-212,0.94669803261959,0.543,0.316,9.36405360141819e-208
"GFOD1",1.5718132135513e-83,0.943615182355318,0.174,0.081,4.16703401044585e-79
"NIPAL2",2.03967355086484e-56,0.943597072371153,0.118,0.054,5.40737855069778e-52
"MPZL3",2.03717467608133e-55,0.942572058319558,0.145,0.075,5.40075378375922e-51
"CRTC2",1.34034480276134e-66,0.941297620529566,0.163,0.081,3.55338810660059e-62
"U2AF1",1.11002608925039e-51,0.941006355749414,0.161,0.088,2.94279016521171e-47
"ZFP36L1",0,0.939586495703905,0.787,0.513,0
"WLS",1.66682645112197e-89,0.938623955942204,0.236,0.125,4.41892360456946e-85
"PHGDH",6.98290254697097e-70,0.937259481334684,0.215,0.118,1.85123729422747e-65
"RQCD1",3.72679209715862e-68,0.937221699482416,0.168,0.083,9.88009852877722e-64
"CYR61",2.22790654534964e-144,0.934769171417542,0.365,0.193,5.90640304237643e-140
"ZDHHC2",1.38800437490204e-63,0.934638952546658,0.172,0.09,3.6797383983028e-59
"C7orf73",9.47906385613008e-254,0.933772023190747,0.487,0.212,2.51299461889865e-249
"LINC00869",4.01698195618515e-79,0.92788213748734,0.179,0.085,1.06494208640424e-74
"CECR5",9.47331486373506e-57,0.927725702673903,0.153,0.078,2.5114705035248e-52
"PTPN13",3.1027737958277e-44,0.924873984978263,0.112,0.056,8.22576361011881e-40
"WWC1",3.5508855645563e-35,0.924159381416959,0.149,0.091,9.41375272019522e-31
"OSMR",4.32772204958585e-69,0.922606421871776,0.112,0.045,1.1473223925657e-64
"TC2N",1.95207424109877e-88,0.920733403402146,0.203,0.1,5.17514402057695e-84
"TMEM159",2.32280521923485e-101,0.920443710101902,0.288,0.158,6.15798891671352e-97
"C17orf89",1.34920984368697e-271,0.920355836020209,0.495,0.217,3.57689021659852e-267
"PTGFRN",1.27054254340385e-55,0.919790111711823,0.12,0.056,3.36833533681795e-51
"C7orf55",7.12112204657412e-177,0.919458003797932,0.347,0.154,1.88788066576726e-172
"COG3",2.51134143338652e-56,0.917235543359374,0.131,0.063,6.65781727405101e-52
"PRKRIR",4.05242431654758e-79,0.916906843037158,0.185,0.09,1.07433821055993e-74
"SORBS2",6.0715783563431e-116,0.916748699850039,0.257,0.127,1.60963613805012e-111
"ALDH1A3",6.85092457179029e-67,0.915882641671381,0.192,0.102,1.81624861322732e-62
"TGFBR2",3.08449791947841e-113,0.914958223290966,0.262,0.128,8.1773124343292e-109
"CTD-3074O7.5",2.22405653779516e-50,0.914829456636998,0.122,0.059,5.89619628734874e-46
"RP11-294J22.6",6.75921478858093e-46,0.914637579499035,0.126,0.065,1.79193543260069e-41
"ADAM9",1.16255396674562e-83,0.907663401579007,0.192,0.093,3.08204682123931e-79
"MAP3K5",2.23892071200622e-74,0.907204651985421,0.171,0.082,5.93560269959968e-70
"CYBRD1",1.87332403330841e-138,0.896976967310552,0.273,0.123,4.96636934470394e-134
"PLK2",6.69982174823372e-152,0.896066932290834,0.342,0.167,1.77618974367424e-147
"DUSP5",2.50702244436002e-130,0.895773507337424,0.34,0.183,6.64636720224284e-126
"FAM3B",1.77922435285248e-46,0.894985527519567,0.165,0.094,4.71690168184722e-42
"ADD3",7.79749626122207e-101,0.893807905335192,0.319,0.187,2.06719423381258e-96
"RGS12",3.88741772346525e-44,0.892292704686887,0.184,0.113,1.03059331266787e-39
"CCDC71L",3.04718796370979e-53,0.88898963605503,0.172,0.095,8.07840001059101e-49
"EEF1G",1.31975902692351e-68,0.887445783548473,0.198,0.106,3.49881315627692e-64
"FDX1L",2.37979713539883e-59,0.884368931326904,0.163,0.084,6.30908018565585e-55
"B3GALNT1",2.36143403537061e-46,0.883307943970479,0.101,0.047,6.26039777117103e-42
"CDS1",7.55704036881737e-32,0.882696994148929,0.125,0.074,2.00344697217717e-27
"RBPMS",4.0316960317862e-163,0.880945434204064,0.326,0.151,1.06884293498684e-158
"EPS8L1",1.00836770717068e-47,0.878126623170347,0.112,0.054,2.6732836284802e-43
"ARRDC2",2.02753095386715e-67,0.877874485095963,0.181,0.093,5.37518731179721e-63
"JDP2",1.07231135909519e-75,0.876216548401702,0.127,0.052,2.84280464409726e-71
"TMEM125",7.10831745997595e-54,0.87432612531096,0.176,0.098,1.88448604181422e-49
"CNFN",1.02693148700323e-132,0.871513106882264,0.383,0.213,2.72249806519426e-128
"KLF4",3.52621117193571e-164,0.870917746163729,0.543,0.365,9.34833843791875e-160
"CMB9-22P13.1",3.89556190457383e-50,0.870651951122382,0.145,0.076,1.03275241652157e-45
"DSG2",5.89182510110519e-59,0.870606722875575,0.231,0.14,1.561981752554e-54
"IGHA1",9.93294420160398e-99,0.868119209668812,0.201,0.091,2.63332283728723e-94
"SH3YL1",1.81512601058443e-135,0.86810867995486,0.45,0.287,4.81208056666039e-131
"ALDH3B2",5.72875273898158e-31,0.867983593364549,0.105,0.058,1.51874963863141e-26
"ARL5A",4.16542419502223e-127,0.867415030920334,0.387,0.225,1.10429560834234e-122
"D2HGDH",1.749391092035e-58,0.866988237469297,0.148,0.074,4.637810724094e-54
"FAM195A",4.32829975282478e-123,0.866636721803038,0.296,0.146,1.14747554747138e-118
"TRIM2",9.63903382282409e-54,0.863375991096035,0.191,0.111,2.55540425676889e-49
"PLXNB1",3.93426466179954e-36,0.862682693833187,0.149,0.09,1.04301290448968e-31
"IRX3",1.62683686396416e-52,0.860702475227299,0.226,0.141,4.31290721005539e-48
"FBXO2",3.07741883342739e-27,0.858736984058541,0.123,0.075,8.15854506929936e-23
"FRMD4B",3.75600116187936e-103,0.85566138740893,0.219,0.102,9.95753468025837e-99
"SERINC5",2.15556786462062e-116,0.853418231772377,0.342,0.191,5.71462596589573e-112
"NOTCH2",2.49322108356945e-92,0.853030416154069,0.228,0.115,6.60977841465097e-88
"TNFRSF10B",1.66340121573648e-82,0.851772796640342,0.226,0.119,4.40984296303898e-78
"RAPH1",1.94731937666014e-47,0.851514668877195,0.132,0.068,5.16253839946369e-43
"TCF7L2",3.2008586481652e-80,0.850318144087385,0.209,0.107,8.48579636215075e-76
"FAM171A1",5.52184585329342e-42,0.849416068121071,0.139,0.077,1.46389655416662e-37
"NPTN",2.49340039735606e-126,0.848792308523001,0.387,0.226,6.61025379343065e-122
"LIMA1",6.24262106055912e-158,0.847252442246089,0.497,0.307,1.65498126936483e-153
"DDAH1",2.01402816348864e-51,0.846931370294695,0.196,0.116,5.33939006422473e-47
"PLIN5",1.72568753627747e-35,0.846619393238184,0.112,0.061,4.57497022742519e-31
"CTSH",4.55649182120948e-171,0.846456291398635,0.532,0.337,1.20797154672084e-166
"CLU",4.44725967397901e-304,0.845751376997687,0.664,0.374,1.17901301216857e-299
"BEX5",1.42100565954387e-86,0.844415223433242,0.22,0.111,3.76722810401676e-82
"IL6ST",1.04023354532806e-181,0.843585965426317,0.455,0.245,2.75776315201921e-177
"SERINC2",1.40907261897409e-126,0.843275767758839,0.442,0.282,3.7355924201622e-122
"MT1X",8.95927602117099e-209,0.842519416243829,0.661,0.456,2.37519366597264e-204
"CCL2",2.43892076991641e-154,0.841755233909606,0.476,0.282,6.46582285312541e-150
"ETS2",4.30746827650049e-144,0.840752157612523,0.466,0.287,1.14195291478304e-139
"EPN3",8.81549642371575e-35,0.840362364113543,0.109,0.059,2.33707625689128e-30
"CLIC3",6.25043479384934e-64,0.839820037102533,0.139,0.065,1.6570527681974e-59
"LDB2",9.58896604264968e-37,0.839331882421838,0.106,0.056,2.54213078756686e-32
"APOA1BP",5.35527634754776e-194,0.838649120286687,0.424,0.201,1.41973731249839e-189
"GBP1",5.13953501512287e-69,0.835704578462133,0.159,0.076,1.36254212785922e-64
"ITPR2",7.62248688369186e-102,0.835306884199922,0.243,0.12,2.02079749773555e-97
"FAM58A",6.0700361459061e-67,0.835064840551225,0.198,0.105,1.60922728264117e-62
"KANK1",2.1231725609041e-48,0.83450076922174,0.178,0.104,5.62874277621285e-44
"EHD4",3.89223458954297e-79,0.832904182017952,0.237,0.129,1.03187031203374e-74
"TRIM38",7.39596698247256e-84,0.832069420447505,0.227,0.118,1.9607448067233e-79
"KDM3B",5.65457054967644e-52,0.827708751955688,0.179,0.102,1.49908319842472e-47
"RUNX2",4.70121905487793e-63,0.827643737360143,0.115,0.049,1.24634018363869e-58
"ALDH2",9.38060016454875e-117,0.827235140486971,0.337,0.184,2.48689090962352e-112
"ODF3B",1.20849005203892e-118,0.826955290767546,0.352,0.196,3.20382797696039e-114
"TDRP",1.51725182725524e-28,0.826757979755073,0.101,0.057,4.02238631923636e-24
"EPHB4",9.64236155600157e-64,0.825385944763463,0.18,0.095,2.55628647211158e-59
"GK5",3.31162094840177e-49,0.824845818860404,0.187,0.11,8.77943829630793e-45
"ATP1B1",6.34789472636664e-113,0.823770425123105,0.519,0.387,1.68289037090706e-108
"ARHGAP27",1.24712945796586e-41,0.821793856551955,0.125,0.067,3.3062649060133e-37
"RAD50",4.41458819311315e-65,0.820990545959292,0.22,0.125,1.17035147587623e-60
"TRIM22",2.33251233232691e-126,0.820110916410165,0.218,0.09,6.18372344423188e-122
"PLVAP",1.83276230784827e-55,0.817418533027333,0.121,0.056,4.85883615433655e-51
"KIAA1324",7.87940961777678e-38,0.816458757610668,0.144,0.085,2.0889102837688e-33
"OBSCN",3.49212429450639e-37,0.815624290934976,0.104,0.054,9.25797071716589e-33
"SEMA3F",1.64501873594795e-50,0.815169056541431,0.135,0.069,4.3611091708716e-46
"RAP2B",6.40081227434792e-72,0.814730716654975,0.273,0.164,1.69691934205238e-67
"PRSS8",4.14259799678669e-56,0.814664350733179,0.2,0.116,1.09824415492812e-51
"RP1-39G22.7",1.50990153070901e-39,0.81321889350829,0.111,0.057,4.00289994806264e-35
"SHROOM3",3.71604434803437e-55,0.812758501478197,0.211,0.125,9.85160517107392e-51
"TICAM1",1.43025966256932e-55,0.810897392136262,0.174,0.095,3.79176139143754e-51
"INSR",1.86693956941946e-103,0.809875031006917,0.358,0.215,4.94944349248793e-99
"BBC3",4.17783491015892e-50,0.808472325454868,0.29,0.202,1.10758581303223e-45
"BCL9L",1.31355483965704e-62,0.808427341932127,0.149,0.072,3.48236523541477e-58
"APOL3",1.03906546901892e-45,0.807530392904844,0.122,0.062,2.75466646491606e-41
"MB",2.48458644501217e-53,0.806156713474096,0.212,0.127,6.58688712437176e-49
"TFAP2A",2.34838671118108e-61,0.805200907332261,0.239,0.143,6.22580801001216e-57
"TRIP10",4.33643381772036e-80,0.804373800603639,0.237,0.129,1.14963196941584e-75
"NCOA7",4.7624434760417e-149,0.803269638196975,0.484,0.299,1.26257138993341e-144
"MDFI",2.81582884832585e-57,0.802663649954031,0.152,0.076,7.46504385979666e-53
"H6PD",1.05991999485938e-63,0.801838341199289,0.182,0.096,2.80995389837172e-59
"NMRK1",2.52601296610495e-60,0.801205378140914,0.229,0.136,6.69671297444083e-56
"DIMT1",1.08402289376123e-69,0.799299353265441,0.229,0.128,2.87385309365039e-65
"ADGRG1",1.09690774908532e-70,0.798443046318634,0.222,0.123,2.90801213360008e-66
"GJA1",4.40467484943411e-66,0.797462986395954,0.253,0.152,1.16772334933348e-61
"TGFB2",2.93248816265697e-25,0.796194184941109,0.121,0.076,7.77431936801989e-21
"TLE2",5.11563540497713e-71,0.795834847053948,0.172,0.084,1.35620610221349e-66
"CAB39L",1.01453890938023e-24,0.795616248713607,0.11,0.067,2.68964410265792e-20
"EBF4",4.95760501751022e-24,0.794478029086864,0.125,0.08,1.31431066619213e-19
"SLC44A4",1.68884065125958e-71,0.793766369171015,0.275,0.166,4.47728545055427e-67
"AGL",5.41662123383128e-26,0.793057617077778,0.123,0.076,1.43600045530101e-21
"AHR",1.29518292940074e-106,0.791301713011552,0.295,0.158,3.43365946413429e-102
"PLAT",1.11521128384781e-95,0.790935251971536,0.259,0.133,2.95653663460892e-91
"ELK3",9.46817908654402e-75,0.790333203392409,0.184,0.09,2.51010895763368e-70
"SLFN5",5.08286384709764e-103,0.78720103732501,0.244,0.12,1.34751803450405e-98
"F11R",1.31862222758769e-71,0.786673946464232,0.29,0.18,3.49579938755774e-67
"SERPINB1",7.4054185563093e-165,0.786570854460887,0.374,0.18,1.96325051346316e-160
"LRP5",5.69342754042526e-50,0.785957857635769,0.182,0.105,1.50938457524214e-45
"SLC30A7",1.34474137451755e-67,0.784483081923303,0.196,0.104,3.56504385798347e-63
"FLJ20021",2.44459621429054e-60,0.784479498078044,0.14,0.066,6.48086902370564e-56
"GSAP",5.3698255910607e-40,0.784075133774325,0.123,0.066,1.4235944624461e-35
"RGS14",1.08416996679825e-42,0.783682483398264,0.148,0.083,2.87424299897883e-38
"ARHGAP29",1.37260455325712e-153,0.783022160539419,0.404,0.213,3.63891193113996e-149
"SSFA2",5.33367960170821e-81,0.781163635447206,0.296,0.177,1.41401179920886e-76
"PXN",1.2345460932974e-59,0.779128892793754,0.21,0.121,3.27290514794074e-55
"ANK3",2.79792897623493e-37,0.779080364596966,0.155,0.094,7.41758950889644e-33
"STAT6",1.55186297527273e-91,0.778966345622253,0.21,0.101,4.11414393374554e-87
"ST5",3.60131988028434e-64,0.778327294254703,0.19,0.102,9.54745913462182e-60
"NOV",2.67191043679718e-32,0.778104498964683,0.104,0.057,7.08350175899301e-28
"TFCP2",1.20054139171857e-38,0.775825907475535,0.103,0.052,3.1827552835851e-34
"SH3D19",1.08938551143174e-28,0.774213604068738,0.141,0.088,2.88806992935669e-24
"DDR1",9.67147962511199e-72,0.7732528399258,0.33,0.217,2.56400596341344e-67
"KCNK6",1.8135227838415e-54,0.772515576710535,0.108,0.048,4.80783025224221e-50
"SPAG16",2.93107460177031e-78,0.772478098758532,0.274,0.159,7.77057187675328e-74
"MT1E",5.69076603786895e-196,0.771355656384172,0.528,0.287,1.50867898429944e-191
"RAMP2",2.22907465143594e-64,0.770993039473477,0.308,0.201,5.90949980842183e-60
"RP11-1094M14.11",4.72948839614761e-73,0.769239964241417,0.219,0.116,1.25383466870269e-68
"C11orf84",5.73826939777219e-28,0.767495495672913,0.1,0.056,1.52127260004338e-23
"LMBRD1",1.81339270833414e-75,0.767205383982584,0.218,0.116,4.80748540906464e-71
"SERTAD3",1.87990475006077e-79,0.766934251512766,0.289,0.17,4.98381548288612e-75
"ATL2",2.66892317105161e-37,0.765530469074654,0.15,0.089,7.07558221877493e-33
"VWF",1.90932457254612e-70,0.765433529515218,0.166,0.081,5.06181037427701e-66
"HBEGF",3.53199929316165e-67,0.765377499871942,0.392,0.277,9.36368332610084e-63
"MKKS",4.94427479480015e-96,0.763501121403472,0.365,0.225,1.31077669084947e-91
"TM7SF3",1.17684827068763e-66,0.763493831506912,0.273,0.168,3.11994245041998e-62
"CITED4",3.43259417699601e-77,0.762779141754152,0.276,0.162,9.10015042263413e-73
"LDLR",8.43864618922405e-75,0.762051427482436,0.276,0.163,2.23716949122519e-70
"ATN1",1.2037632515104e-86,0.761565176922615,0.309,0.183,3.19129675607922e-82
"SPRY1",2.67862436951264e-125,0.760955316628839,0.325,0.167,7.10130106601497e-121
"LIMK2",3.17948236627312e-40,0.760375818838104,0.169,0.102,8.42912570122667e-36
"SLC39A8",2.01903607366521e-35,0.760324351868414,0.119,0.066,5.35266653489383e-31
"PERP",1.23792989071141e-200,0.760230824689853,0.667,0.479,3.28187593326503e-196
"LINC00094",1.01702791981475e-31,0.759473238796709,0.101,0.054,2.69624271822089e-27
"TNKS1BP1",4.74308713142935e-51,0.759295473986074,0.173,0.098,1.25743982941324e-46
"C7orf49",6.89442368320059e-42,0.757529993874659,0.154,0.088,1.82778066265331e-37
"TMEM51",2.15413017074952e-54,0.756813620846266,0.184,0.103,5.71081449567406e-50
"ADAM10",1.79531571287064e-89,0.756801017688767,0.33,0.198,4.75956148639137e-85
"CTC-524C5.2",2.38217073170819e-34,0.753952358442889,0.111,0.061,6.31537282683158e-30
"HN1",6.54634337710959e-185,0.753849681841474,0.451,0.213,1.73550109270552e-180
"IFIT3",6.93961552165355e-33,0.753333235789208,0.106,0.058,1.83976147094557e-28
"CRYZ",1.03721637746304e-40,0.7526789199527,0.104,0.052,2.74976433829226e-36
"FEZ2",6.16919911970597e-88,0.75209336506628,0.313,0.183,1.63551637862525e-83
"SOD2",3.19408825232447e-154,0.750719066192811,0.626,0.46,8.46784736573739e-150
"S100A9",5.89767034552222e-106,0.750465120138733,0.163,0.064,1.5635313853014e-101
"CMBL",4.30604915011168e-53,0.749027951729719,0.179,0.099,1.14157669018611e-48
"MAT2B",1.08190790959191e-69,0.747765658062916,0.229,0.129,2.86824605911911e-65
"RASEF",1.37522462500251e-21,0.746082320376542,0.124,0.081,3.64585800334414e-17
"PLAGL1",2.76714960329212e-67,0.74549519683836,0.179,0.091,7.33599031328774e-63
"LGALS3",1.86573131984754e-215,0.74540568572652,0.623,0.359,4.94624030204781e-211
"CTNND1",4.93540194171574e-116,0.743906135952129,0.452,0.299,1.30842440876826e-111
"SLC27A1",2.59179507498361e-32,0.743649733418593,0.107,0.059,6.87110792328906e-28
"PLPP3",2.87681435238431e-66,0.743369998519395,0.208,0.114,7.62672252960605e-62
"PYCARD",8.25295154812631e-179,0.742485495686716,0.498,0.266,2.18793998492377e-174
"TGFBR3",2.21642079005713e-35,0.740381683929176,0.123,0.07,5.87595315652047e-31
"CD40",2.61268924855547e-103,0.739486161757398,0.268,0.134,6.9265004668454e-99
"EFNA1",5.8345923022358e-108,0.738924968087188,0.463,0.311,1.54680876524573e-103
"WEE1",2.30977793120816e-67,0.738717782184265,0.342,0.232,6.12345227342595e-63
"CORO2A",2.52361432346283e-31,0.737180145700383,0.149,0.093,6.69035393293231e-27
"TMEM88",9.7148675590944e-51,0.736667032164429,0.143,0.074,2.57550853859152e-46
"RGCC",1.55607181117106e-201,0.736495021965788,0.472,0.236,4.1253019785956e-197
"THRB",7.36924563060621e-25,0.7350646494408,0.122,0.076,1.95366070913001e-20
"TMEM123",8.47138935036755e-192,0.735011096389542,0.65,0.463,2.24585003067594e-187
"CRB3",1.20844271958551e-59,0.733714070188541,0.315,0.214,3.20370249389314e-55
"C6orf132",3.23185760685474e-34,0.733544351307508,0.192,0.128,8.56797770153259e-30
"CD82",5.02457458833128e-147,0.733490257237114,0.327,0.155,1.33206496911251e-142
"SLC35C1",1.62246709596452e-39,0.732391904064434,0.104,0.053,4.30132251811153e-35
"TRIP6",7.58696839492438e-103,0.731343400807048,0.277,0.141,2.0113811911784e-98
"GAN",7.19717531576222e-38,0.730859251952366,0.154,0.092,1.90804314796172e-33
"FTSJ2",1.07620169295833e-28,0.730076824636316,0.124,0.074,2.85311830820184e-24
"C2CD2",1.11320329948156e-52,0.729256989659607,0.139,0.07,2.95121326725557e-48
"IFNGR1",8.5705301335436e-85,0.729211600622501,0.286,0.163,2.27213324370374e-80
"GPD2",8.7416389912948e-30,0.728714461005181,0.136,0.083,2.31749591298216e-25
"HRSP12",1.17418471598215e-46,0.728203362463781,0.162,0.09,3.11288110054028e-42
"GRHL1",8.74137219124336e-32,0.726092661843564,0.137,0.083,2.31742518162053e-27
"CSGALNACT1",1.21435762717048e-32,0.72565623895997,0.107,0.059,3.21938350539166e-28
"SUCLG2",2.15125642408896e-80,0.719724097074048,0.274,0.155,5.70319590590225e-76
"CLDN4",7.01110904212592e-205,0.717677398240435,0.71,0.548,1.858715118158e-200
"CCNG2",6.82319122348947e-151,0.717071832858431,0.396,0.204,1.80889622525929e-146
"CAB39",5.29002495191571e-67,0.715809921039086,0.197,0.105,1.40243851500237e-62
"ZNF626",8.58003202918809e-44,0.715465324162611,0.138,0.075,2.27465229125805e-39
"HSBP1L1",3.28204894860711e-93,0.715083419581554,0.393,0.252,8.70103996765232e-89
"CTC-459F4.3",5.29384214192451e-34,0.714946552336047,0.105,0.056,1.40345049024561e-29
"TAX1BP3",1.86922939401028e-133,0.7126146394704,0.484,0.299,4.95551404646064e-129
"MIRLET7BHG",3.66676569300928e-49,0.712011200943752,0.193,0.114,9.7209625287369e-45
"ADGRL2",1.00343179081662e-25,0.711420577470197,0.101,0.059,2.66019802063394e-21
"REXO2",6.71225138374625e-161,0.710930479393858,0.636,0.466,1.77948496434497e-156
"CCDC6",4.22268638196672e-67,0.709866925034707,0.266,0.161,1.1194763867232e-62
"OAT",1.10997220240431e-119,0.709742963439967,0.429,0.256,2.94264730579406e-115
"ASCL2",6.89113755271073e-21,0.709174452441463,0.104,0.065,1.82690947659914e-16
"GRB10",5.28802824383675e-42,0.709138281994722,0.156,0.089,1.40190916772356e-37
"NAV2",4.4148176915973e-25,0.708463254931561,0.111,0.067,1.17041231821936e-20
"ELP5",1.61972753782655e-75,0.707284162205106,0.317,0.197,4.29405967553198e-71
"BCL3",7.6009752293675e-104,0.706646501283325,0.39,0.237,2.01509454305762e-99
"SYNGR1",1.35576315764408e-69,0.705834316509805,0.274,0.164,3.59426370723022e-65
"ATP9A",6.8756185812736e-38,0.705752807956921,0.197,0.127,1.82279524208144e-33
"PSMD5",1.41583272388029e-24,0.705062298526347,0.104,0.062,3.75351413427904e-20
"YBX3",9.28066170380868e-205,0.703620983720429,0.63,0.395,2.46039622429672e-200
"ERRFI1",7.63769967203584e-85,0.70331782259837,0.515,0.386,2.02483056005342e-80
"B3GNT5",2.97307708800072e-65,0.702308802673089,0.188,0.099,7.8819246679987e-61
"GATA2-AS1",1.42484953900139e-44,0.698872478170907,0.178,0.105,3.77741861284659e-40
"PLXNB2",5.4283955454671e-65,0.698784164446099,0.256,0.155,1.43912194305878e-60
"RND3",1.51139889567219e-77,0.698668442855174,0.393,0.271,4.00686961231654e-73
"ICT1",1.32666049484713e-52,0.698089343124912,0.184,0.103,3.51710963788923e-48
"BLCAP",1.95045432375255e-61,0.697707377493925,0.304,0.2,5.17084945770038e-57
"TPST2",2.22426642123209e-61,0.697323459237324,0.234,0.137,5.89675270932839e-57
"INTS6",1.94301171268335e-113,0.697276810268016,0.486,0.327,5.15111835149482e-109
"GNPTAB",2.74309757082408e-63,0.696437961460382,0.245,0.146,7.27222597001172e-59
"CD47",3.0812164633956e-136,0.695439251000205,0.562,0.383,8.16861296610808e-132
"RBL2",8.52416343045652e-66,0.694552054388243,0.211,0.116,2.25984096704833e-61
"S100A13",1.34183718991607e-193,0.6940599940623,0.677,0.458,3.5573445741865e-189
"CXCL3",1.45180921257622e-146,0.693196132860806,0.367,0.19,3.84889140346081e-142
"CDC42EP4",6.79408721270242e-74,0.693138352706148,0.338,0.218,1.80118046095954e-69
"MAFK",2.52838148693072e-71,0.693073356836539,0.252,0.144,6.70299216000205e-67
"CDC42EP1",3.77976298175549e-87,0.692461445683482,0.32,0.186,1.0020529640932e-82
"EIF4E3",7.51830884923791e-38,0.690963877443227,0.111,0.058,1.99317885902146e-33
"SLC35A1",4.69976518442796e-26,0.690695846684144,0.118,0.072,1.2459547480437e-21
"C1orf210",1.47110516901233e-14,0.689752110669205,0.106,0.074,3.9000469135686e-10
"DRAM2",1.59974933013826e-86,0.689168535701956,0.342,0.207,4.24109544912953e-82
"LRCH1",3.78961106907672e-45,0.688578657145723,0.117,0.058,1.00466379052293e-40
"ITGA3",7.81280001171587e-58,0.687691056803582,0.205,0.116,2.07125141110599e-53
"FBXO32",4.32600209299447e-71,0.687687634976326,0.233,0.129,1.14686641487376e-66
"AGRN",9.76326653718983e-57,0.685306237968048,0.231,0.139,2.58833959167439e-52
"CHP1",3.3899137833345e-84,0.685060183093271,0.385,0.252,8.98700043099809e-80
"ACSS1",1.11115504278089e-38,0.683260720680415,0.106,0.054,2.94578313391643e-34
"TMEM237",7.24523076949965e-24,0.68294148471663,0.197,0.143,1.92078312930205e-19
"CSRNP2",3.15310471332736e-41,0.680999857863853,0.194,0.121,8.35919590550215e-37
"STAM2",1.77680727731606e-27,0.679785259753224,0.111,0.066,4.7104937728926e-23
"SLK",2.86895413924966e-51,0.678081742059661,0.225,0.138,7.60588431856477e-47
"FLNB",1.22296318245611e-76,0.675845493064133,0.363,0.24,3.24219769300939e-72
"EBPL",3.12149074056193e-116,0.675550638913755,0.515,0.356,8.27538410230373e-112
"EFNB1",6.5020909390418e-42,0.675024980878565,0.161,0.093,1.72376932884937e-37
"CFD",4.81621623847114e-63,0.674823478506509,0.332,0.224,1.27682708698108e-58
"RP11-817J15.2",1.01489119737364e-70,0.674368345175416,0.162,0.075,2.69057805335725e-66
"FOXO1",1.76151053032864e-42,0.674176756822396,0.129,0.068,4.66994056695425e-38
"CCDC88C",1.33905372348525e-30,0.671567358690011,0.159,0.102,3.54996532633174e-26
"HEG1",2.68344597384159e-37,0.670364193359418,0.134,0.076,7.11408362125145e-33
"SUSD6",4.4313879159538e-58,0.669950000482196,0.213,0.123,1.17480525039851e-53
"AEBP2",9.56205105667521e-37,0.669049865239437,0.16,0.097,2.53499535563517e-32
"PRSS23",1.45006019148447e-129,0.668390703250829,0.43,0.247,3.84425457364447e-125
"MAPK13",1.1764664871222e-39,0.667505379322768,0.219,0.141,3.11893030400968e-35
"MAL2",5.20073107930306e-63,0.666639285152344,0.43,0.33,1.37876581643403e-58
"USP25",9.71003566470615e-28,0.666330002292097,0.105,0.06,2.57422755507025e-23
"ALDH7A1",4.18176233911239e-41,0.665823474965684,0.18,0.109,1.10862701372208e-36
"HIBADH",1.69784617305387e-67,0.665422293437097,0.309,0.195,4.50115998938312e-63
"TMEM243",9.54871661874845e-82,0.665223902478566,0.288,0.164,2.5314602627964e-77
"SLC12A2",2.70824129079361e-71,0.664771212903792,0.328,0.209,7.17981848602294e-67
"MBNL2",3.22584813280963e-78,0.664178518521055,0.256,0.142,8.5520459848916e-74
"C3",1.92108316257313e-126,0.663083848613755,0.2,0.078,5.09298357229761e-122
"NT5C2",6.26141802122002e-40,0.662566190304104,0.185,0.115,1.65996453160564e-35
"RBMS2",3.7376211144873e-38,0.662388310891437,0.158,0.094,9.90880733661728e-34
"B4GALT1",3.30658398773472e-80,0.661954281682712,0.361,0.23,8.76608480988352e-76
"DLG5",1.18685131441413e-22,0.661596346583203,0.138,0.092,3.14646151964331e-18
"RREB1",6.47055435199848e-34,0.66140084233252,0.142,0.085,1.71540866425832e-29
"TTC28",2.709398109801e-31,0.661162808922826,0.108,0.06,7.18288532889344e-27
"TBC1D9",1.17683849033418e-36,0.660164535390811,0.127,0.071,3.11991652172494e-32
"APOL6",2.84912119636989e-89,0.660163583421713,0.211,0.102,7.55330520369622e-85
"PPIL3",1.24200739558029e-51,0.659616360620753,0.252,0.158,3.29268580642291e-47
"PAN3",6.34771924814096e-41,0.659484881254765,0.199,0.125,1.68284384987465e-36
"PRKCD",2.33767312710708e-47,0.659218674670449,0.168,0.094,6.19740522727357e-43
"EPAS1",1.30345448580296e-110,0.657940209660479,0.34,0.186,3.45558818731222e-106
"APOL1",5.21450714257196e-45,0.656597566552356,0.126,0.064,1.38241798856725e-40
"RORC",6.6872103469031e-29,0.653902747704671,0.104,0.058,1.77284633506748e-24
"NPC2",2.80560347798751e-205,0.652629679690727,0.791,0.644,7.43793538049268e-201
"PIEZO1",4.75595656573982e-54,0.652378600493326,0.188,0.106,1.26085164514328e-49
"TANC1",1.26661978380008e-38,0.651968142121462,0.16,0.095,3.35793570883239e-34
"CDCA7L",7.65983869473296e-17,0.650837038955538,0.151,0.109,2.03069983636066e-12
"RAB40B",3.08570573693846e-52,0.650313662363792,0.28,0.184,8.18051447919754e-48
"ZNF704",5.47943892381626e-55,0.648879225974105,0.247,0.153,1.45265405309293e-50
"CLSTN3",5.27911275610924e-28,0.647854213168982,0.11,0.064,1.39954558277212e-23
"AMFR",8.80899586976147e-54,0.646479856780685,0.196,0.113,2.33535289503246e-49
"MIR4458HG",2.58525166454134e-93,0.646078734784925,0.433,0.283,6.85376068786556e-89
"POLG2",9.14728073007533e-29,0.645575043220939,0.136,0.084,2.42503559435027e-24
"TMEM87B",7.26958255269179e-27,0.645218189851183,0.13,0.081,1.92723903054412e-22
"RP11-61J19.5",4.91714240180316e-35,0.645117099280244,0.127,0.072,1.30358362214204e-30
"MISP",2.78621052645736e-14,0.644623259497674,0.12,0.086,7.38652272669111e-10
"ARMCX2",4.90306205107883e-36,0.644424379810414,0.133,0.076,1.29985078036151e-31
"PPARA",6.03512584155889e-26,0.643962173532118,0.131,0.082,1.59997221185568e-21
"USP53",2.22240131055398e-68,0.643320234240915,0.251,0.144,5.89180811440965e-64
"PKP4",4.89779628678407e-37,0.642782806176237,0.242,0.167,1.29845477358933e-32
"PODXL",1.22604606767408e-31,0.642203185183598,0.172,0.112,3.25037073001075e-27
"GBP3",2.52468546067514e-53,0.642072934221057,0.134,0.065,6.69319362479587e-49
"ICAM1",8.41883843569785e-97,0.641274375385098,0.321,0.177,2.23191825768786e-92
"CCNYL1",2.57384981598085e-17,0.641236070619434,0.103,0.068,6.82353324714682e-13
"TRIM56",6.59289187083037e-79,0.640873043286548,0.362,0.234,1.74784156387584e-74
"TSSC1",7.63940697483774e-31,0.640471513360456,0.137,0.082,2.02528318309923e-26
"KRTCAP3",1.12895272467117e-78,0.63891553954723,0.459,0.336,2.99296656837574e-74
"FAM60A",5.13214004157678e-104,0.638808008454347,0.271,0.132,1.36058164642242e-99
"ZNF217",3.26359730927295e-53,0.635536944191607,0.26,0.166,8.65212282661351e-49
"MEG3",7.4327127281068e-79,0.635444865707161,0.193,0.093,1.97048647134839e-74
"PLSCR1",1.22471127445121e-76,0.634932978203557,0.349,0.218,3.2468320596976e-72
"CD9",2.13753051094338e-190,0.634881791294637,0.731,0.577,5.666807137562e-186
"FBP1",4.67324834170642e-75,0.634623075953143,0.245,0.132,1.23892486786979e-70
"LPCAT2",2.42354048516963e-42,0.634556834085192,0.118,0.06,6.4250481802332e-38
"TNFRSF12A",3.60491755424655e-64,0.633882632864576,0.469,0.354,9.55699692806302e-60
"CTSB",3.30605996977826e-175,0.633519004147507,0.602,0.378,8.76469558587915e-171
"CXCL16",2.60533678961523e-93,0.632968168050297,0.348,0.205,6.90700836294894e-89
"KLHL21",1.04930586554399e-52,0.632752202155506,0.204,0.119,2.78181478014367e-48
"OXR1",1.0940575366359e-56,0.632004741797382,0.235,0.141,2.90045593537543e-52
"UNC50",3.57167951239167e-74,0.63189068049344,0.363,0.236,9.46887955530155e-70
"FZD6",1.41090684503526e-26,0.631646737527493,0.154,0.101,3.74045513687297e-22
"IQSEC2",8.33870216092881e-24,0.631432875606136,0.105,0.064,2.21067332988384e-19
"SMOX",5.02923230062391e-30,0.63125880678003,0.151,0.095,1.3332997752184e-25
"SWAP70",1.00458523947848e-63,0.630712457794674,0.215,0.119,2.6632559283814e-59
"SPRED2",5.1884209191629e-32,0.630706681093364,0.159,0.1,1.37550226987928e-27
"SH3BP5",1.71352733876689e-47,0.629623974413202,0.221,0.138,4.54273232780489e-43
"TGIF2",1.43776998506601e-46,0.628387110379053,0.183,0.106,3.8116720074085e-42
"BHLHE41",6.39871160552995e-44,0.627145695893021,0.13,0.068,1.69636243374205e-39
"ZC3H12A",3.82339337055709e-112,0.626976078133666,0.43,0.261,1.01361981646839e-107
"SOCS3",5.29047596283109e-109,0.626720522522625,0.493,0.318,1.40255808250615e-104
"HEXIM1",2.52018305155893e-81,0.626178630534882,0.427,0.29,6.68125728798787e-77
"OAZ3",8.43988743506132e-31,0.626059125329149,0.147,0.091,2.23749855790911e-26
"TRIOBP",3.38913465764247e-69,0.625777393252261,0.343,0.225,8.98493489087594e-65
"RNF44",2.97780113858897e-45,0.625572783630946,0.208,0.129,7.89444859851321e-41
"GGT7",2.35819178501104e-17,0.625133276344766,0.104,0.068,6.25180224124276e-13
"RNF217",4.48085854503654e-21,0.624555771753931,0.103,0.064,1.18792040887464e-16
"SEMA4A",6.8823102267393e-49,0.624147930075314,0.198,0.116,1.82456926421086e-44
"CDK6",5.59007507832967e-59,0.624002545937456,0.16,0.081,1.48198480401598e-54
"BTG3",5.28943159318902e-87,0.622375479922677,0.426,0.277,1.40228120967034e-82
"GRHL2",2.4589975720186e-21,0.621739176712408,0.129,0.086,6.51904846317851e-17
"SHPRH",4.52323396702567e-34,0.62159456797416,0.136,0.079,1.19915455699818e-29
"RPS17",0,0.621037137956951,0.896,0.797,0
"VAMP8",3.82795195129133e-173,0.62008650492327,0.664,0.425,1.01482834180684e-168
"GAS6",3.41820108304545e-80,0.620008437418054,0.33,0.199,9.06199289126179e-76
"SNTB2",3.26124795634385e-48,0.619981434814261,0.22,0.135,8.64589445706318e-44
"LINC00685",1.21475812993346e-63,0.619613350632563,0.296,0.186,3.2204452782666e-59
"RNASE1",4.9118538266505e-80,0.618687128480261,0.203,0.1,1.30218156798331e-75
"CYP20A1",5.76484622118824e-44,0.61718928673336,0.246,0.163,1.52831838169921e-39
"PSD4",6.11335936727275e-26,0.616328823215107,0.109,0.065,1.62071270185768e-21
"RPS6KA2",1.57619398482695e-33,0.616251707203927,0.136,0.08,4.17864787317473e-29
"RAB3D",2.03422267916708e-29,0.616234378464596,0.149,0.094,5.39292774473985e-25
"RAB11FIP1",5.30429970044785e-52,0.615244310294092,0.339,0.241,1.40622289358573e-47
"DOCK1",2.44910287919526e-31,0.615211097647901,0.12,0.069,6.49281664303456e-27
"NXT2",3.62840180128408e-28,0.614571673795601,0.121,0.072,9.61925601538423e-24
"RP11-410L14.2",1.0962267049758e-28,0.613245149751067,0.129,0.078,2.90620661756134e-24
"PSMB8-AS1",1.99835746693389e-41,0.612348105228345,0.164,0.096,5.29784548058843e-37
"SDC1",5.85772835911189e-45,0.612162863460409,0.33,0.236,1.55294236528415e-40
"SOCS6",3.35095388052986e-34,0.611099109480699,0.153,0.093,8.88371383267272e-30
"SFRP1",5.71062515346099e-23,0.61107367713272,0.109,0.068,1.51394383443404e-18
"CNN3",3.09370250195016e-140,0.610185747660517,0.531,0.316,8.20171470292008e-136
"ERF",3.80045682676602e-68,0.610107228762246,0.368,0.248,1.00753910934394e-63
"CD74",1.51969775010603e-244,0.609000824920988,0.775,0.497,4.0288707053061e-240
"CRY1",1.10104926729047e-22,0.608516193559973,0.13,0.084,2.91899171251377e-18
"BMI1",4.33284602127025e-37,0.608177858694172,0.212,0.14,1.14868080869896e-32
"RAI1",3.76163562010662e-27,0.607886055081985,0.114,0.068,9.97247219246467e-23
"TIFA",2.1391860533836e-47,0.607550446132146,0.194,0.115,5.67119614612527e-43
"SATB1",2.05204605953762e-51,0.607074561351853,0.218,0.132,5.44017930844018e-47
"GPR160",2.67710215606037e-62,0.606242501932593,0.337,0.224,7.09726552593166e-58
"RGMB",7.18002097360319e-25,0.606067898059695,0.142,0.093,1.90349536031194e-20
"KHNYN",7.53779092535176e-31,0.605590482111949,0.14,0.085,1.99834375222001e-26
"CDC14A",1.68382038403756e-25,0.604621393800687,0.108,0.065,4.46397622012198e-21
"ZFYVE21",6.08720374288766e-65,0.604279794183158,0.364,0.249,1.61377858427695e-60
"THBD",5.19506864506387e-40,0.603436702939545,0.143,0.08,1.37726464849288e-35
"RARRES3",9.22427105335612e-147,0.603229119852243,0.515,0.298,2.44544649895524e-142
"NET1",1.13234670081337e-85,0.602734011398138,0.383,0.242,3.00196433852632e-81
"TRPS1",1.58862682093217e-30,0.602028812324273,0.176,0.116,4.21160856497326e-26
"DCUN1D4",3.5387888094247e-22,0.601718327954578,0.128,0.083,9.38168301266582e-18
"LAMA5",7.64674038460751e-45,0.600560908908521,0.189,0.114,2.0272273433633e-40
"CLMN",3.73873589245102e-54,0.600406694244359,0.158,0.083,9.9117627244769e-50
"PYGB",1.22278580096099e-28,0.600220587088512,0.176,0.118,3.24172743692768e-24
"CMPK1",1.80579477566391e-116,0.599986484187401,0.581,0.422,4.78734252976258e-112
"MX1",2.7035176855207e-38,0.599427580837504,0.219,0.144,7.16729573608393e-34
"ZSWIM6",2.75829609185723e-36,0.599245217495706,0.188,0.119,7.31251876912271e-32
"UBTD1",5.62158457650293e-22,0.599205377975931,0.109,0.068,1.49033828707669e-17
"DDB2",7.99056399465978e-28,0.596514194942682,0.173,0.116,2.11837842062425e-23
"MON1B",6.47647107922389e-37,0.596385181118821,0.159,0.096,1.71697724781304e-32
"FAS",1.59834799915442e-59,0.59633544587661,0.122,0.054,4.23738038055829e-55
"SLC35A3",1.20364705540132e-31,0.596226847485695,0.175,0.113,3.19098870857445e-27
"PLEKHA1",3.4976772420577e-44,0.595023753699805,0.235,0.152,9.27269213641917e-40
"HIVEP3",4.96236552116325e-30,0.59367921114296,0.104,0.058,1.31557272331559e-25
"BCL10",1.37441603149396e-34,0.593615351563355,0.247,0.173,3.64371434109364e-30
"F3",8.76673276588173e-40,0.593569816540593,0.183,0.111,2.3241485235629e-35
"LNX2",2.47840309466396e-18,0.59295460414652,0.104,0.067,6.57049444426364e-14
"HLA-DRA",1.11039677171526e-212,0.592806798119318,0.595,0.333,2.94377288149431e-208
"PIR",2.21373985849479e-30,0.590116239357438,0.137,0.083,5.86884573885555e-26
"TM9SF2",2.1407026881054e-72,0.589398390540302,0.381,0.253,5.67521689643623e-68
"SRD5A3",1.23449247330237e-19,0.588988787933602,0.241,0.187,3.2727629959719e-15
"SHMT1",1.07309404559157e-09,0.588918530129278,0.109,0.082,2.84487962426781e-05
"ERLIN1",9.22356580606806e-16,0.588870491502377,0.106,0.072,2.4452595308467e-11
"PIK3CB",2.11258881892334e-21,0.588762826779056,0.112,0.071,5.60068421784766e-17
"MAFF",1.43351276980369e-91,0.588411817077007,0.558,0.425,3.80038570402657e-87
"NFATC3",3.15544570760077e-72,0.588126256090567,0.344,0.22,8.3654021154204e-68
"PXDC1",1.29564321604365e-37,0.587837939332461,0.193,0.122,3.43487973005332e-33
"MAML2",4.22248795972245e-62,0.587256242238167,0.177,0.091,1.11942378300202e-57
"SIPA1L3",3.46293195517893e-26,0.585120968577758,0.15,0.097,9.18057890637486e-22
"EFNB2",1.69083199804141e-40,0.584977895811987,0.296,0.213,4.48256471000757e-36
"SLC25A44",2.60403190058488e-47,0.584690909786517,0.207,0.126,6.90354897164058e-43
"GS1-124K5.4",9.76981280319538e-30,0.584382281030618,0.13,0.077,2.59007507225513e-25
"GSTM4",1.06250411733022e-33,0.584328585818057,0.102,0.053,2.81680466545414e-29
"HS2ST1",1.05163591920612e-25,0.583579190050904,0.145,0.094,2.78799198540734e-21
"RRAS2",8.40423981881931e-30,0.582896352835935,0.185,0.124,2.22804801836719e-25
"NDFIP2",1.67012241608001e-58,0.58243669598924,0.239,0.143,4.42766153726971e-54
"GOLGA8A",1.96298938958437e-19,0.581770302050552,0.102,0.065,5.20408117072713e-15
"DHRS1",1.28875791278734e-32,0.580872389288545,0.191,0.125,3.41662610259051e-28
"HES1",1.31602401133219e-139,0.58084289140205,0.647,0.442,3.48891125644277e-135
"OGFRL1",2.65539734710871e-38,0.580059045965163,0.146,0.084,7.0397239069199e-34
"RNF103",2.52794947256757e-42,0.580048489682144,0.244,0.16,6.70184684672388e-38
"S100A11",1.13386002350554e-239,0.579173885751873,0.902,0.681,3.00597630831554e-235
"MEX3C",9.8442114201092e-35,0.578231440981198,0.182,0.116,2.60979888958515e-30
"HLA-DMA",7.97669066260541e-129,0.577374817496552,0.352,0.178,2.11470046156332e-124
"ALAD",1.06143930025482e-16,0.577232807110908,0.102,0.067,2.81398172890555e-12
"HPS1",4.24137104121185e-86,0.5764563863276,0.299,0.166,1.12442987673567e-81
"KRCC1",5.33238807549206e-72,0.575103672927133,0.387,0.257,1.4136694026937e-67
"ABHD14B",2.11382503853312e-69,0.574372002600509,0.383,0.254,5.60396155965514e-65
"APOBEC3C",6.83976659980965e-57,0.573871428136375,0.179,0.095,1.81329052327554e-52
"AKAP11",2.11664612633051e-29,0.573631481202853,0.14,0.086,5.6114405455148e-25
"QSOX1",4.01442521706971e-46,0.57319321792091,0.31,0.217,1.06426426929735e-41
"TSPAN6",7.59305553016098e-34,0.57292822081037,0.229,0.156,2.01299495160098e-29
"CD59",1.5775540176882e-123,0.572792842146972,0.631,0.464,4.18225345629318e-119
"RPL17",2.99592807156365e-215,0.572455587480486,0.815,0.699,7.94250491052239e-211
"SYPL1",5.62021095145511e-99,0.571382111785635,0.535,0.38,1.48997412534026e-94
"TMEM41B",3.48413788496682e-34,0.571103026364721,0.21,0.141,9.23679794683555e-30
"RABL2B",9.15232973050158e-16,0.569967013573481,0.106,0.072,2.42637413485327e-11
"GALNT3",3.66360399836846e-37,0.569092620586646,0.209,0.136,9.71258056007463e-33
"ATP1A1",6.34676653681033e-135,0.568536510776611,0.663,0.489,1.68259127657379e-130
"DTNB",6.29660386305824e-29,0.568517130088964,0.186,0.124,1.66929265013537e-24
"MT1G",1.38593573952227e-46,0.567930514356797,0.218,0.133,3.6742542390475e-42
"CMIP",1.44842541228591e-46,0.567203758890817,0.252,0.163,3.83992061051118e-42
"ARL4D",3.27741496181095e-20,0.566557790466784,0.152,0.106,8.68875480525701e-16
"USP31",1.52201515614372e-09,0.564909075036863,0.115,0.088,4.03501438045262e-05
"POLR2M",3.14819956020169e-52,0.561832254597728,0.198,0.114,8.34619185405071e-48
"PTGDS",3.78008800125e-64,0.561758158046498,0.13,0.058,1.00213913001139e-59
"TMEM216",2.09705143042688e-37,0.561673628534687,0.213,0.138,5.5594930472047e-33
"BDH2",1.75950821183146e-42,0.56160383209301,0.161,0.091,4.66463222038637e-38
"SP100",9.78151196535372e-88,0.560926156913959,0.291,0.159,2.59317663713493e-83
"PIGA",3.50390163817646e-27,0.559867844433531,0.108,0.063,9.2891936329696e-23
"CDKN1C",2.5295195430296e-58,0.559701801254497,0.378,0.262,6.70600926052577e-54
"NPHP3",6.2761376484931e-32,0.557756699367581,0.131,0.077,1.66386685199201e-27
"FUCA1",4.29145343111365e-35,0.557656390007555,0.193,0.125,1.13770721912254e-30
"SLC2A1",7.71703607755951e-15,0.557644866401875,0.132,0.095,2.0458634345218e-10
"FBXL3",1.70019329900732e-43,0.556853726085083,0.191,0.115,4.50738245499831e-39
"TMEM245",9.59792048890763e-47,0.554426966054908,0.277,0.184,2.5445047008143e-42
"PRAC1",6.11977952563581e-99,0.554094505536186,0.556,0.395,1.62241475004131e-94
"SYNE2",4.02092581818222e-59,0.553568479398464,0.348,0.237,1.06598764365829e-54
"SMIM22",1.56875463151662e-74,0.553532714987422,0.449,0.307,4.15892540361372e-70
"WWTR1",3.10635444720066e-74,0.553260162844243,0.293,0.17,8.23525627497368e-70
"CASP7",2.43243549049264e-24,0.553064765617076,0.121,0.075,6.44862972884504e-20
"RP11-758H9.2",4.4647019726831e-28,0.552846439233456,0.14,0.087,1.18363713997802e-23
"HLA-DRB1",5.31298792196558e-172,0.55281951656712,0.467,0.239,1.40852622799229e-167
"NDRG2",3.53450984082668e-49,0.552778899046538,0.198,0.116,9.37033903901561e-45
"HIPK3",9.49725904940227e-56,0.552380585433226,0.242,0.147,2.51781834658704e-51
"GIMAP7",1.75713544651196e-30,0.551744576094271,0.108,0.06,4.65834178224787e-26
"C3orf14",4.82853410020648e-50,0.550352840827161,0.231,0.14,1.28009267530574e-45
"IGFBP6",1.18225623109948e-101,0.549407692310885,0.292,0.149,3.13427949426784e-97
"UGCG",1.04819145699054e-61,0.548795062364516,0.323,0.211,2.77886037162762e-57
"SCRN2",3.39154689482505e-40,0.548167502438189,0.22,0.142,8.99132997287069e-36
"RALB",1.93308699105759e-49,0.54815026327986,0.207,0.123,5.12480692199278e-45
"SLC22A18",1.96276472988465e-22,0.547758166239052,0.144,0.095,5.20348557539718e-18
"SP4",1.12524399897204e-18,0.54774524048996,0.103,0.066,2.98313436567477e-14
"PPIC",4.59388652844007e-103,0.547623857826388,0.391,0.228,1.21788525755475e-98
"KLHL5",2.27237323188933e-25,0.546698320950921,0.121,0.074,6.02428867506181e-21
"GIMAP4",2.87520747651297e-31,0.544513347503652,0.117,0.066,7.62246254098353e-27
"NUDT4",4.06442038114095e-103,0.544512288518089,0.569,0.408,1.07751848724428e-98
"GCH1",1.85999530957034e-26,0.544387543006099,0.127,0.079,4.93103356520192e-22
"TMEM41A",3.87871154315935e-36,0.54354169364262,0.259,0.181,1.02828521720698e-31
"ARFGEF2",1.22049648523405e-19,0.54268678073349,0.104,0.066,3.23565823200399e-15
"ABI1",2.24927110609594e-51,0.542344336304916,0.258,0.163,5.96304262937094e-47
"DST",1.83987575921044e-33,0.542239165051637,0.355,0.268,4.87769462524281e-29
"PRKCI",3.94084900722853e-30,0.542070823174885,0.215,0.15,1.04475848030635e-25
"MT1M",3.44324842559085e-72,0.541654881049183,0.172,0.082,9.12839590108389e-68
"LATS2",1.26564661700078e-38,0.541354042344936,0.152,0.087,3.35535574633076e-34
"C9orf152",3.01488770265279e-17,0.540299862981593,0.115,0.077,7.99276878850281e-13
"BMPR1A",6.39773244380369e-26,0.540187793123536,0.112,0.067,1.6961028481768e-21
"ENC1",5.05858926477755e-57,0.5399781388358,0.253,0.153,1.34108259998518e-52
"NOXA1",8.62484739192832e-15,0.539326231105073,0.118,0.083,2.28653329207412e-10
"SPINT2",6.4328950359495e-123,0.53910812900769,0.684,0.54,1.70542480298057e-118
"DPY19L4",8.61961938913278e-28,0.538634266514927,0.153,0.098,2.28514729625299e-23
"CTTN",1.44755474934221e-66,0.537594100554597,0.443,0.321,3.83761239598112e-62
"DENND2D",3.22637678644454e-22,0.536977644179266,0.121,0.077,8.55344749854311e-18
"ARL5B",5.76502431885517e-55,0.536718574018098,0.306,0.201,1.52836559717169e-50
"MTL5",1.86662485353174e-25,0.536051804230462,0.118,0.072,4.948609149198e-21
"PISD",1.56891579856448e-18,0.535136754671187,0.129,0.088,4.1593526735743e-14
"SPAG1",1.711653916136e-25,0.534484391432246,0.147,0.095,4.53776569706814e-21
"CAPN1",3.1023398743094e-54,0.534457514613401,0.361,0.252,8.22461324078164e-50
"MYC",6.90862713908133e-71,0.534163124747246,0.435,0.299,1.83154614084185e-66
"RPL39L",1.45436156787102e-53,0.533186892555851,0.3,0.193,3.85565795258287e-49
"FRMD4A",2.21719841396257e-35,0.532994435634056,0.135,0.077,5.87801471525618e-31
"NEBL",3.55446611672154e-17,0.532963006081875,0.147,0.106,9.42324512204047e-13
"CHPT1",4.07892303982583e-60,0.532297118934099,0.412,0.298,1.08136328708823e-55
"XAF1",7.54613224397883e-51,0.531180185375785,0.164,0.088,2.00055511920123e-46
"ZDHHC7",3.66562769163835e-28,0.530003144974206,0.139,0.086,9.71794557330243e-24
"TAB2",2.73848454731451e-49,0.5299834123143,0.241,0.152,7.25999638338549e-45
"ARRDC3",9.3325112805783e-66,0.529693409766899,0.346,0.226,2.47414206559411e-61
"PTGS2",1.00870009822435e-94,0.52918022357673,0.299,0.159,2.67416483040259e-90
"RNF170",1.06587761478924e-16,0.528634916124608,0.153,0.11,2.82574814456776e-12
"RRM2B",7.22836303999443e-27,0.527623595842401,0.142,0.09,1.91631132553292e-22
"LRRC26",9.14620433370915e-36,0.527562117615684,0.297,0.215,2.42475023090963e-31
"POLD4",3.65052826309711e-41,0.526856428110399,0.172,0.101,9.67791547829674e-37
"TMEM98",1.07340520305288e-67,0.526744642191974,0.452,0.329,2.84570453381349e-63
"CYB5D1",1.30305465863315e-31,0.526571303466415,0.187,0.123,3.45452820550235e-27
"DIS3",4.58759571584372e-22,0.526358898343653,0.158,0.108,1.21621750022733e-17
"TJP1",1.21758522946823e-51,0.526061350477872,0.36,0.257,3.22794020184324e-47
"PPA2",3.78431491913927e-44,0.525729684633448,0.347,0.252,1.00325972821301e-39
"CES2",1.12160167317793e-25,0.525289943104662,0.151,0.099,2.97347819576201e-21
"AGGF1",8.24620408934167e-19,0.525269892389679,0.16,0.114,2.18615116612537e-14
"LDLRAP1",1.39235913767363e-13,0.524629473738145,0.115,0.081,3.69128330988656e-09
"RBM7",4.45915781021236e-46,0.523016780932357,0.299,0.203,1.1821673270654e-41
"SLC35E2B",5.27135371224951e-22,0.522786546376071,0.152,0.104,1.39748858265447e-17
"ANXA4",1.15643345276391e-54,0.522230247763994,0.323,0.216,3.0658207266224e-50
"COMT",3.35834955406811e-94,0.522091986992715,0.578,0.422,8.90332050278997e-90
"PCF11",8.41728837301284e-60,0.521461186733686,0.423,0.308,2.23150732056943e-55
"WDFY1",6.37406722223564e-30,0.521409776723006,0.133,0.08,1.68982896128689e-25
"IFI44",6.77480672110121e-32,0.521272522511666,0.152,0.093,1.79606900983114e-27
"PNPLA2",8.75646610331003e-62,0.521171238617612,0.383,0.268,2.32142672864852e-57
"CAMK2D",7.71287864672574e-30,0.520832296373019,0.189,0.126,2.04476125803346e-25
"TMEM42",2.57732795113184e-35,0.520468851859974,0.197,0.127,6.83275413124563e-31
"C10orf35",3.88834678517025e-19,0.519351495117581,0.108,0.069,1.03083961621649e-14
"IKBKB",3.28212470310728e-30,0.519199599560345,0.171,0.111,8.70124080040771e-26
"ZBTB44",5.01046445174615e-39,0.519038220799591,0.276,0.192,1.32832423080242e-34
"TMC5",6.6142741981316e-46,0.518761584973915,0.315,0.218,1.75351023266667e-41
"SP1",1.45717169615161e-27,0.51865676353352,0.165,0.109,3.86310788366753e-23
"AP1G1",1.25490531481453e-30,0.518493039000762,0.167,0.107,3.32687948010481e-26
"TOB1",6.39985542920069e-78,0.518478674839541,0.511,0.375,1.69666567283539e-73
"NEDD1",1.04298884652799e-12,0.518162906884213,0.116,0.084,2.76506773103034e-08
"DRAM1",4.14295778807402e-48,0.517487807302736,0.146,0.077,1.0983395391963e-43
"PECAM1",1.98734605503956e-31,0.517414429443771,0.139,0.083,5.26865312651538e-27
"TSPAN14",4.45989978354008e-41,0.517035316778584,0.291,0.203,1.18236403161431e-36
"NMT2",8.28486647637249e-40,0.516830859797936,0.19,0.117,2.19640095155111e-35
"RP11-111M22.3",8.92031689378475e-39,0.516286853311689,0.189,0.116,2.36486521171128e-34
"ID1",2.09805931090935e-84,0.51582907446387,0.563,0.411,5.56216503915177e-80
"PGM2L1",8.19718463535201e-64,0.515772302199244,0.382,0.257,2.17315561867817e-59
"WDR59",1.06444195672283e-19,0.515459744477327,0.114,0.074,2.82194207146789e-15
"LIPE-AS1",2.60348618752921e-36,0.514484069944672,0.198,0.127,6.9021022317587e-32
"YES1",1.93657462376505e-29,0.51432910326184,0.234,0.166,5.13405298506352e-25
"SOWAHC",4.61192260490176e-13,0.514152303673109,0.129,0.095,1.22266680178551e-08
"KCTD3",9.96230367612697e-24,0.513145304832894,0.163,0.111,2.64110632757802e-19
"IFITM1",2.94142228794406e-43,0.51306321702518,0.237,0.151,7.7980046275685e-39
"GAS2L1",2.9378973986572e-23,0.51303862632981,0.169,0.116,7.78865979358011e-19
"GBP2",1.21122214155254e-90,0.512665105184434,0.29,0.153,3.21107101946995e-86
"CRNDE",2.83077603555461e-64,0.512301657277084,0.499,0.38,7.50467034785883e-60
"WDR26",8.35942505071638e-43,0.511983088813659,0.304,0.212,2.21616717519542e-38
"SBF2",1.91154236002885e-33,0.511832390107585,0.179,0.114,5.06768995067249e-29
"DIP2B",3.73030675140242e-20,0.511815204909201,0.114,0.073,9.88941622864295e-16
"IER3",5.00675382988426e-189,0.511516672228256,0.672,0.417,1.32734050784062e-184
"TMEM220",4.11300542791028e-38,0.510826108955774,0.11,0.057,1.09039886899329e-33
"LRP10",1.06082493416926e-99,0.510354282881606,0.483,0.311,2.81235298297613e-95
"SAMD8",1.24187909315805e-24,0.510315033035771,0.138,0.089,3.2923456638713e-20
"STAP2",1.88924186920496e-30,0.510105783506813,0.289,0.215,5.00856911944928e-26
"PPP2R5A",3.00712957959328e-42,0.509897742445701,0.243,0.157,7.97220122845974e-38
"PLEKHG2",2.94303450433945e-17,0.509286524496707,0.108,0.071,7.80227877445433e-13
"NDST1",4.80441159006346e-16,0.508871368761654,0.12,0.084,1.27369755664172e-11
"AVPI1",3.01438357137562e-30,0.508518745250836,0.21,0.144,7.9914322860739e-26
"NUDT15",8.43434443425167e-11,0.508081183695209,0.132,0.101,2.23602905296446e-06
"IRF1",1.48929755887287e-91,0.507963395903299,0.585,0.429,3.94827675832788e-87
"STOM",1.10965269025721e-75,0.507586189150263,0.338,0.202,2.94180024714088e-71
"TMEM99",6.10825503471912e-40,0.50666668066638,0.305,0.217,1.61935949225439e-35
"C9orf3",2.75825218849874e-73,0.506437659666791,0.461,0.318,7.312402376929e-69
"FAM129B",5.37944264305954e-33,0.506389946626903,0.22,0.149,1.42614403910152e-28
"TNFRSF14",1.02139390886254e-93,0.505485895708881,0.362,0.207,2.70781739178549e-89
"GALNT10",4.70474211653337e-18,0.504675257936336,0.105,0.068,1.24727418251416e-13
"RILP",4.44656062252198e-33,0.504445132706109,0.149,0.089,1.1788276866368e-28
"RHOC",5.49115523765343e-138,0.504413906671005,0.721,0.525,1.4557601650543e-133
"SGMS1",3.33465863634096e-37,0.503322783484616,0.174,0.106,8.84051351080353e-33
"MKL2",4.82685565474293e-25,0.503038712780098,0.163,0.11,1.2796477026289e-20
"EEF2K",1.20679827278998e-15,0.502837932093099,0.127,0.089,3.19934290099351e-11
"LGALS8",6.0718361250104e-38,0.50280735207945,0.252,0.17,1.60970447510151e-33
"CTSO",4.56521391964767e-29,0.502624852077197,0.141,0.086,1.21028386223779e-24
"RBMS1",6.98902890397452e-53,0.501851342097217,0.327,0.22,1.85286145273268e-48
"TRAM1",1.99787084932371e-72,0.501779512525078,0.597,0.48,5.2965554086421e-68
"BMPR2",3.28602232243971e-37,0.501636074217641,0.263,0.182,8.7115737790199e-33
"ARMCX1",3.65871899060237e-41,0.501558722100104,0.14,0.076,9.69962991598595e-37
"TWSG1",1.42647707694391e-48,0.50050776696333,0.237,0.147,3.78173337868601e-44
"ARRDC1",3.00435563732152e-42,0.500225617148498,0.289,0.198,7.96484723010309e-38
