"","category","subcategory","ID","Description","GeneRatio","BgRatio","pvalue","p.adjust","qvalue","geneID","Count"
"hsa04382",NA,NA,"hsa04382","Cornified envelope formation","33/464","217/9436",5.50389498892438e-09,1.76675029144472e-06,1.3151412236693e-06,"3852/3866/3860/3861/57402/3855/3872/25984/3914/6273/9076/3918/3880/5493/3691/3655/7122/140576/2053/100506658/1829/5652/6280/376497/1364/6284/3911/6282/7357/667/823/7082/5525",33
"hsa04668","Environmental Information Processing","Signal transduction","hsa04668","TNF signaling pathway","22/464","119/9436",6.10515831093922e-08,9.79877908905744e-06,7.29405756096422e-06,"6372/1906/2919/6376/6401/90993/153090/2920/4217/6347/602/2921/5603/3383/9021/355/5291/840/23118/5743/3551/3659",22
"hsa04520","Cellular Processes","Cellular community - eukaryotes","hsa04520","Adherens junction","18/464","93/9436",4.81917461490653e-07,5.07752379283259e-05,3.77962912271847e-05,"4233/1956/4008/2064/83439/999/5787/4088/6591/5792/7048/6934/3643/9411/1500/57493/7082/7525",18
"hsa04390","Environmental Information Processing","Signal transduction","hsa04390","Hippo signaling pathway","24/464","157/9436",6.32713245212783e-07,5.07752379283259e-05,3.77962912271847e-05,"84612/650/10413/122786/83439/7005/595/999/4088/6591/23286/7048/6934/27113/7042/9231/8323/25937/5584/26524/657/4609/3397/659",24
"hsa04360","Organismal Systems","Development and regeneration","hsa04360","Axon guidance","26/464","184/9436",1.02744331660488e-06,6.59618609260334e-05,4.9100975340907e-05,"59277/1969/1946/4233/2051/84612/27289/10512/10509/3983/54961/9901/6091/5364/2050/6405/3985/1942/23654/1947/64218/5291/4775/1948/817/659",26
"hsa04514","Environmental Information Processing","Signaling molecules and interaction","hsa04514","Cell adhesion molecules","23/464","160/9436",3.21985161319582e-06,0.000172262061305976,0.000128229178279904,"1001/9076/3696/6401/3655/6385/7122/58494/5802/999/100506658/947/1525/5792/50848/958/1364/3383/6382/3122/3108/3123/5175",23
"hsa05144","Human Diseases","Infectious disease: parasitic","hsa05144","Malaria","12/464","50/9436",3.81264500199312e-06,0.00017483700651997,0.000130145927135705,"4233/2532/3043/3040/6401/3576/6347/7042/958/3383/6382/5175",12
"hsa05165","Human Diseases","Infectious disease: viral","hsa05165","Human papillomavirus infection","35/464","333/9436",1.62751657571828e-05,0.00065304102600696,0.000486113503536907,"3694/3914/3918/3673/3696/3691/1956/84612/90993/3655/83439/595/9223/4853/6934/148022/5829/7450/92359/5934/3675/2308/8323/1021/3911/4599/355/5291/84441/3280/5584/5743/3551/5525/3659",35
"hsa05418","Human Diseases","Cardiovascular disease","hsa05418","Fluid shear stress and atherosclerosis","20/464","142/9436",1.91692996900951e-05,0.000683705022280058,0.000508939301713636,"1906/445/6401/6385/119391/4257/858/4217/6347/5327/5603/3383/6382/7056/5291/2948/657/3551/5175/659",20
"hsa04060","Environmental Information Processing","Signaling molecules and interaction","hsa04060","Cytokine-cytokine receptor interaction","32/464","298/9436",2.46159432317165e-05,0.000790171777738099,0.000588191485642068,"6372/284340/414062/2919/6376/9966/650/3588/3977/3953/8743/8793/53832/23529/27242/2920/3576/9180/7048/8795/3572/6347/7042/958/3459/2921/51330/58191/355/657/8764/659",32
"hsa05120","Human Diseases","Infectious disease: bacterial","hsa05120","Epithelial cell signaling in Helicobacter pylori infection","13/464","71/9436",3.52481257638928e-05,0.00102860439729178,0.000765676990277863,"4233/2919/1956/58494/2920/3576/50848/1839/102/2921/5603/7082/3551",13
"hsa04115","Cellular Processes","Cell growth and death","hsa04115","p53 signaling pathway","13/464","75/9436",6.41629264608331e-05,0.00171635828282729,0.00127763020233413,"2810/3486/595/10848/8795/27113/64065/3732/901/1021/1643/355/50484",13
"hsa04936","Human Diseases","Endocrine and metabolic disease","hsa04936","Alcoholic liver disease","19/464","144/9436",7.69737361275197e-05,0.00190065917668722,0.0014148208988621,"79966/2919/83439/595/2920/3576/4217/6934/217/148022/2921/2308/5603/501/718/5465/355/23118/3551",19
"hsa04061","Environmental Information Processing","Signaling molecules and interaction","hsa04061","Viral protein interaction with cytokine and cytokine receptor","15/464","100/9436",0.00010142159536391,0.002178313652537,0.00162150253853385,"6372/414062/2919/6376/3588/8743/8793/53832/2920/3576/8795/3572/6347/2921/8764",15
"hsa04512","Environmental Information Processing","Signaling molecules and interaction","hsa04512","ECM-receptor interaction","14/464","89/9436",0.000101790357595187,0.002178313652537,0.00162150253853385,"3694/3914/3918/3673/3696/3691/3655/6385/7450/961/3675/375790/6382/3911",14
"hsa04933","Human Diseases","Endocrine and metabolic disease","hsa04933","AGE-RAGE signaling pathway in diabetic complications","15/464","101/9436",0.000113849895326517,0.00228411352498825,0.00170025830520522,"1906/6401/595/4088/3576/7048/6347/7042/2308/5603/5580/3383/7056/2152/5291",15
"hsa05417","Human Diseases","Cardiovascular disease","hsa05417","Lipid and atherosclerosis","24/464","216/9436",0.000151099274718917,0.00285310983439837,0.00212381023908322,"414062/2919/6401/8743/2920/3576/4217/8795/6347/148022/3949/6648/29108/958/2921/5603/3383/355/5291/4775/840/23118/817/3551",24
"hsa05205","Human Diseases","Cancer: overview","hsa05205","Proteoglycans in cancer","23/464","204/9436",0.000166165713228548,0.00296328855257577,0.00220582554987605,"3673/4233/1956/2065/2064/6385/595/5328/858/3709/7042/5829/288/1839/5603/8323/6382/355/5291/22800/2017/4609/817",23
"hsa04657","Organismal Systems","Immune system","hsa04657","IL-17 signaling pathway","14/464","95/9436",0.000208073951303268,0.00351535465096574,0.00261677490004664,"3934/6372/2919/8061/2920/3576/6347/6280/2921/5603/29761/23118/5743/3551",14
"hsa04218","Cellular Processes","Cell growth and death","hsa04218","Cellular senescence","19/464","157/9436",0.000244885171692327,0.00377933656664257,0.00281327890023893,"3486/595/4088/3576/677/7048/3709/10111/7042/5934/2308/5603/1021/5291/4775/22800/10114/823/4609",19
"hsa04530","Cellular Processes","Cellular community - eukaryotes","hsa04530","Tight junction","20/464","170/9436",0.000248490175103261,0.00377933656664257,0.00281327890023893,"9076/9414/51421/84612/4214/2064/7122/58494/91862/595/100506658/9223/4217/50848/92359/1364/8531/5584/2017/7082",20
"hsa04068","Environmental Information Processing","Signal transduction","hsa04068","FoxO signaling pathway","17/464","133/9436",0.000267881132108991,0.00377933656664257,0.00281327890023893,"1956/8743/595/4088/3667/7048/10769/3643/7042/6648/901/5934/114907/2308/5603/5291/3551",17
"hsa04931","Human Diseases","Endocrine and metabolic disease","hsa04931","Insulin resistance","15/464","109/9436",0.000270793585771897,0.00377933656664257,0.00281327890023893,"90993/3667/5792/200186/3643/376497/2308/5580/5465/9021/6196/5834/5291/6513/3551",15
"hsa05145","Human Diseases","Infectious disease: parasitic","hsa05145","Toxoplasmosis","15/464","112/9436",0.000365651566940863,0.00489058970783404,0.0036404783199814,"3914/3918/3588/3655/7042/3949/958/3459/5603/3911/3122/3108/3123/23118/3551",15
"hsa04151","Environmental Information Processing","Signal transduction","hsa04151","PI3K-Akt signaling pathway","33/464","362/9436",0.000435543226735913,0.00559237503128912,0.00416287631448641,"3694/2263/3914/1969/1946/3918/3673/4233/3696/3691/1956/2065/90993/3655/10161/2064/595/3667/9223/2321/200186/9180/3643/7450/1942/5934/3675/1021/3911/5291/4609/3551/5525",33
"hsa05222","Human Diseases","Cancer: specific types","hsa05222","Small cell lung cancer","13/464","93/9436",0.000587185770015245,0.00724948585288052,0.00539640363536278,"3914/3918/3673/3655/595/3675/1021/3911/1643/5291/4609/5743/3551",13
"hsa05167","Human Diseases","Infectious disease: viral","hsa05167","Kaposi sarcoma-associated herpesvirus infection","21/464","196/9436",0.000629066036694808,0.00747889621403828,0.00556717311226984,"2919/83439/595/2920/3576/6934/3572/3709/148022/3459/2921/5603/718/3383/1021/355/5291/4775/4609/5743/3551",21
"hsa05323","Human Diseases","Immune disease","hsa05323","Rheumatoid arthritis","13/464","95/9436",0.000721963785238775,0.00810223027769347,0.00603117321867984,"6372/414062/2919/2321/2920/3576/6347/7042/2921/3383/3122/3108/3123",13
"hsa05219","Human Diseases","Cancer: specific types","hsa05219","Bladder cancer","8/464","41/9436",0.000731977190196606,0.00810223027769347,0.00603117321867984,"7380/1956/2064/595/999/3576/1839/4609",8
"hsa04659","Organismal Systems","Immune system","hsa04659","Th17 cell differentiation","14/464","109/9436",0.000870457100355267,0.00931389097380136,0.0069331144484437,"2625/4088/7048/3572/196/6778/3459/5603/6097/3122/4775/3108/3123/3551",14
"hsa04510","Cellular Processes","Cellular community - eukaryotes","hsa04510","Focal adhesion","21/464","203/9436",0.000994219990339316,0.0102949876419007,0.00766342742978013,"3694/3914/3918/3673/4233/3696/3691/1956/3655/2064/595/858/2321/2012/5829/7450/3675/2317/1793/3911/5291",21
"hsa05210","Human Diseases","Cancer: specific types","hsa05210","Colorectal cancer","12/464","87/9436",0.00106651233321904,0.0106984518426035,0.00796375985660273,"1956/83439/595/4088/7048/6934/27113/7042/1643/5291/5899/4609",12
"hsa05212","Human Diseases","Cancer: specific types","hsa05212","Pancreatic cancer","11/464","77/9436",0.00127308369692064,0.0123836323245917,0.00921818179269494,"1956/2064/595/4088/7048/7042/1021/1643/5291/5899/3551",11
"hsa05150","Human Diseases","Infectious disease: bacterial","hsa05150","Staphylococcus aureus infection","13/464","102/9436",0.00141585509933964,0.0133673378496477,0.00995043676625689,"3866/3860/3861/1672/3872/25984/3880/1675/718/3383/3122/3108/3123",13
"hsa00564","Metabolism","Lipid metabolism","hsa00564","Glycerophospholipid metabolism","13/464","103/9436",0.00154973981414766,0.0142133280097542,0.0105801785807975,"166929/43/254531/5320/23171/1040/8613/2820/54947/23761/56994/142891/259230",13
"hsa04064","Environmental Information Processing","Signal transduction","hsa04064","NF-kappa B signaling pathway","13/464","105/9436",0.00184910577456674,0.0164150255658537,0.0122190877306076,"2919/10848/5328/2920/3576/148022/958/2921/3383/8915/23118/5743/3551",13
"hsa05216","Human Diseases","Cancer: specific types","hsa05216","Thyroid cancer","7/464","37/9436",0.00189207459793329,0.0164150255658537,0.0122190877306076,"83439/595/999/6934/8030/1643/4609",7
"hsa05164","Human Diseases","Infectious disease: viral","hsa05164","Influenza A","18/464","173/9436",0.00209435272062772,0.0176917690347762,0.0131694755563017,"8743/3576/8795/6347/148022/29108/3459/3383/9021/1021/55916/4599/355/3122/5291/3108/3123/3551",18
"hsa05213","Human Diseases","Cancer: specific types","hsa05213","Endometrial cancer","9/464","59/9436",0.00217925807842464,0.0178397018844235,0.013279594450776,"1956/2064/83439/595/999/6934/1643/5291/4609",9
"hsa04960","Organismal Systems","Excretory system","hsa04960","Aldosterone-regulated sodium reabsorption","7/464","38/9436",0.00222301581114312,0.0178397018844235,0.013279594450776,"2810/6337/3667/481/3643/5291/476",7
"hsa04392","Environmental Information Processing","Signal transduction","hsa04392","Hippo signaling pathway - multiple species","6/464","29/9436",0.00247226380787588,0.0193560166421501,0.0144083153886476,"10413/122786/7005/23286/25937/26524",6
"hsa04152","Environmental Information Processing","Signal transduction","hsa04152","AMPK signaling pathway","14/464","122/9436",0.00259529511153737,0.0198354697810356,0.0147652127899494,"79966/90993/3953/595/3667/200186/3643/81617/51719/2308/2203/5291/5525/29904",14
"hsa05226","Human Diseases","Cancer: specific types","hsa05226","Gastric cancer","16/464","150/9436",0.00282557395809399,0.021093238152283,0.0157014758503632,"2263/4233/1956/2064/83439/595/999/4088/7048/6934/7042/4041/8323/1643/5291/4609",16
"hsa04210","Cellular Processes","Cell growth and death","hsa04210","Apoptosis","15/464","137/9436",0.00294069955603121,0.0214537399428641,0.015969827732514,"8743/153090/5783/4217/8795/1512/3709/27113/1508/355/5291/840/823/3551/1519",15
"hsa05412","Human Diseases","Cardiovascular disease","hsa05412","Arrhythmogenic right ventricular cardiomyopathy","11/464","86/9436",0.00313550433296846,0.022366597575175,0.016649344645236,"3694/3673/3696/3691/3655/83439/1829/6934/2697/3675/6645",11
"hsa05225","Human Diseases","Cancer: specific types","hsa05225","Hepatocellular carcinoma","17/464","170/9436",0.00415643182567226,0.0290046655661043,0.0215906184079543,"4233/1956/119391/83439/595/4088/4257/7048/6934/7042/4041/8323/1021/1643/5291/2948/4609",17
"hsa05220","Human Diseases","Cancer: specific types","hsa05220","Chronic myeloid leukemia","10/464","77/9436",0.00426279746563819,0.0291139997121247,0.0216720050324719,"2122/595/4088/7048/7042/1021/1643/5291/4609/3551",10
"hsa04148","Cellular Processes","Transport and catabolism","hsa04148","Efferocytosis","16/464","157/9436",0.00444819975970449,0.0296601691628185,0.0220785650105257,"6376/161291/5087/8754/1847/102/961/5603/2621/1793/4775/6513/840/5743/817/5175",16
"hsa05142","Human Diseases","Infectious disease: parasitic","hsa05142","Chagas disease","12/464","103/9436",0.00452756476317167,0.0296601691628185,0.0220785650105257,"414062/3576/7048/6347/148022/7042/3459/5603/718/355/5291/3551",12
"hsa05202","Human Diseases","Cancer: overview","hsa05202","Transcriptional misregulation in cancer","19/464","201/9436",0.00470236112109277,0.0298393860091406,0.0222119712217574,"4233/7102/3486/5087/8864/4005/2120/5328/2321/3576/7048/860/5327/958/2308/648/1643/4609/6667",19
"hsa05321","Human Diseases","Immune disease","hsa05321","Inflammatory bowel disease","9/464","66/9436",0.00474083702948962,0.0298393860091406,0.0222119712217574,"2625/4088/7042/6778/3459/6097/3122/3108/3123",9
"hsa05160","Human Diseases","Infectious disease: viral","hsa05160","Hepatitis C","16/464","159/9436",0.00503114131965218,0.0309352443365959,0.0230277109834637,"9076/1956/7122/595/100506658/148022/3949/1364/5465/9021/1021/4599/355/5291/4609/3551",16
"hsa04310","Environmental Information Processing","Signal transduction","hsa04310","Wnt signaling pathway","17/464","174/9436",0.00525830541678516,0.0309352443365959,0.0230277109834637,"4316/22943/4163/83439/595/4088/55366/8061/6934/7089/4041/440193/8323/6422/4775/4609/817",17
"hsa04625","Organismal Systems","Immune system","hsa04625","C-type lectin receptor signaling pathway","12/464","105/9436",0.00529046387385862,0.0309352443365959,0.0230277109834637,"3709/29108/602/5603/5580/8915/5291/4775/22800/5743/3551/3659",12
"hsa04820",NA,NA,"hsa04820","Cytoskeleton in muscle cells","21/464","233/9436",0.00530043127262546,0.0309352443365959,0.0230277109834637,"3694/3673/3696/3691/2274/3655/85301/6385/9124/8572/1829/481/84033/288/3675/375790/6645/6382/476/23224/10529",21
"hsa04710","Organismal Systems","Environmental adaptation","hsa04710","Circadian rhythm","6/464","34/9436",0.005687045230114,0.031263727489833,0.0232722286938583,"4862/8864/6097/79365/1407/26224",6
"hsa05215","Human Diseases","Cancer: specific types","hsa05215","Prostate cancer","12/464","106/9436",0.00570850511224194,0.031263727489833,0.0232722286938583,"2263/1956/90993/2064/83439/595/5328/6934/5327/2308/5291/3551",12
"hsa05134","Human Diseases","Infectious disease: bacterial","hsa05134","Legionellosis","8/464","56/9436",0.00571480502102011,0.031263727489833,0.0232722286938583,"2919/2920/3576/1937/29108/2921/718/840",8
"hsa04658","Organismal Systems","Immune system","hsa04658","Th1 and Th2 cell differentiation","11/464","93/9436",0.00574629259158924,0.031263727489833,0.0232722286938583,"2625/4853/6778/3459/5603/3122/4775/84441/3108/3123/3551",11
"hsa05161","Human Diseases","Infectious disease: viral","hsa05161","Hepatitis B","16/464","163/9436",0.00638384536678549,0.0341535727123024,0.0254233841800054,"90993/4214/4088/3576/7048/148022/7042/6778/5603/1643/355/5291/4775/4609/23118/3551",16
"hsa05166","Human Diseases","Infectious disease: viral","hsa05166","Human T-cell leukemia virus 1 infection","20/464","224/9436",0.00711228776273607,0.0374269569153816,0.0278600400714597,"4316/90993/4214/595/4088/8061/200186/7048/2114/7042/958/3383/3122/5291/4775/3108/6513/3123/4609/3551",20
"hsa04066","Environmental Information Processing","Signal transduction","hsa04066","HIF-1 signaling pathway","12/464","110/9436",0.00764963426222249,0.0389767079075146,0.0290136504181204,"1906/1956/2064/112398/226/2321/3643/3459/2034/5291/6513/817",12
"hsa04350","Environmental Information Processing","Signal transduction","hsa04350","TGF-beta signaling pathway","12/464","110/9436",0.00764963426222249,0.0389767079075146,0.0290136504181204,"79875/650/4088/7048/7042/60436/285704/657/4609/6667/3397/659",12
"hsa00480","Metabolism","Metabolism of other amino acids","hsa00480","Glutathione metabolism","8/464","59/9436",0.0078494258930114,0.0393697767446353,0.0293062446992366,"2876/119391/2878/2877/4257/2686/2948/50484",8
"hsa04015","Environmental Information Processing","Signal transduction","hsa04015","Rap1 signaling pathway","19/464","212/9436",0.00825625309013673,0.040143188077883,0.029881959972715,"2263/1969/1946/4233/1956/84612/999/9223/2321/3643/10636/1500/1942/5603/5291/23094/5899/5584/3397",19
"hsa04915","Organismal Systems","Endocrine system","hsa04915","Estrogen signaling pathway","14/464","139/9436",0.00834055012201298,0.040143188077883,0.029881959972715,"3866/3860/3861/3872/25984/3880/1956/90993/7031/3709/1839/5580/5291/6667",14
"hsa04630","Environmental Information Processing","Signal transduction","hsa04630","JAK-STAT signaling pathway","16/464","168/9436",0.00847259570348241,0.040143188077883,0.029881959972715,"1956/3588/3977/3953/53832/23529/595/9180/3572/6778/3459/10254/9021/9306/5291/4609",16
"hsa03272",NA,NA,"hsa03272","Virion - Hepatitis viruses","7/464","48/9436",0.0085038529261559,0.040143188077883,0.029881959972715,"9076/1956/7122/100506658/3949/1364/928",7
"hsa05143","Human Diseases","Infectious disease: parasitic","hsa05143","African trypanosomiasis","6/464","37/9436",0.00868359525941616,0.0403975953372839,0.0300713367488554,"3043/3040/6401/8542/3383/355",6
"hsa04934","Human Diseases","Endocrine and metabolic disease","hsa04934","Cushing syndrome","15/464","155/9436",0.00922268798631631,0.0422926120515362,0.0314819574871248,"8622/1956/90993/5087/83439/57552/595/6934/3709/196/3949/8323/1021/817/6667",15
"hsa04978","Organismal Systems","Digestive system","hsa04978","Mineral absorption","8/464","61/9436",0.00957316792183932,0.0432815056747946,0.0322180743996668,"30061/79901/4501/481/4493/476/4495/4499",8
"hsa04670","Organismal Systems","Immune system","hsa04670","Leukocyte transendothelial migration","12/464","116/9436",0.0114913855312246,0.0512324271600432,0.0381366157249707,"9076/7122/58494/100506658/50848/5829/1500/1364/5603/3383/5291/5175",12
"hsa04621","Organismal Systems","Immune system","hsa04621","NOD-like receptor signaling pathway","17/464","189/9436",0.011690074927671,0.0514043020792108,0.0382645567207111,"2919/2920/3576/6347/2633/3709/148022/29108/7205/2921/5603/5580/2635/1508/23118/3551/2634",17
"hsa04010","Environmental Information Processing","Signal transduction","hsa04010","MAPK signaling pathway","24/464","300/9436",0.0127199365245758,0.0551770219512002,0.0410729102571649,"2263/1969/1946/2122/4233/1956/2065/4214/2064/2321/7048/4217/1847/3643/7042/1942/5603/6196/355/4775/22800/4609/23118/3551",24
"hsa05224","Human Diseases","Cancer: specific types","hsa05224","Breast cancer","14/464","148/9436",0.0140554429200196,0.0601572956976839,0.0447801479697467,"1956/2064/83439/595/4853/6934/4041/8323/1021/1643/5291/3280/4609/6667",14
"hsa05140","Human Diseases","Infectious disease: parasitic","hsa05140","Leishmaniasis","9/464","79/9436",0.0150674409947913,0.0636401126227369,0.047372702296643,"7042/3459/5603/718/3122/3108/3123/23118/5743",9
"hsa05163","Human Diseases","Infectious disease: viral","hsa05163","Human cytomegalovirus infection","19/464","226/9436",0.0156258220478828,0.0651414139918233,0.0484902475033412,"414062/1956/6376/90993/3588/595/3576/6347/3709/5829/5603/1021/355/5291/4775/4609/5743/3551/6667",19
"hsa00340","Metabolism","Amino acid metabolism","hsa00340","Histidine metabolism","4/464","22/9436",0.0208554779465462,0.0851454578128384,0.0633809441663037,"3176/222/217/501",4
"hsa05416","Human Diseases","Cardiovascular disease","hsa05416","Viral myocarditis","8/464","70/9436",0.0209548011439696,0.0851454578128384,0.0633809441663037,"595/1525/958/3383/6645/3122/3108/3123",8
"hsa05130","Human Diseases","Infectious disease: bacterial","hsa05130","Pathogenic Escherichia coli infection","17/464","203/9436",0.0222119735766875,0.0891255439764584,0.0663436579198428,"9076/8743/7122/100506658/55930/3576/8795/29108/1364/5603/355/840/10006/2017/23118/7082/3551",17
"hsa05230","Human Diseases","Cancer: overview","hsa05230","Central carbon metabolism in cancer","8/464","71/9436",0.0226394700577261,0.0897193813398777,0.0667857011449491,"2263/4233/1956/9997/2064/5291/6513/4609",8
"hsa04964","Organismal Systems","Excretory system","hsa04964","Proximal tubule bicarbonate reclamation","4/464","23/9436",0.0242919024279698,0.094964711985907,0.070690243058865,"8671/358/481/476",4
"hsa04640","Organismal Systems","Immune system","hsa04640","Hematopoietic cell lineage","10/464","100/9436",0.0248400130302767,0.094964711985907,0.070690243058865,"3673/3655/4311/947/3675/928/3122/3108/966/3123",10
"hsa04550","Cellular Processes","Cellular community - eukaryotes","hsa04550","Signaling pathways regulating pluripotency of stem cells","13/464","144/9436",0.0248505788374336,0.094964711985907,0.070690243058865,"2263/3977/4088/9314/3572/5603/8323/648/5291/657/4609/3397/659",13
"hsa04930","Human Diseases","Endocrine and metabolic disease","hsa04930","Type II diabetes mellitus","6/464","47/9436",0.0266051279153554,0.100473483068577,0.0747908859044664,"3667/3643/5580/9021/5291/3551",6
"hsa04610","Organismal Systems","Immune system","hsa04610","Complement and coagulation cascades","9/464","88/9436",0.0284824718808301,0.106312482252866,0.0791373453726858,"5328/1191/5327/7450/1675/718/7056/2152/966",9
"hsa01524","Human Diseases","Drug resistance: antineoplastic","hsa01524","Platinum drug resistance","8/464","75/9436",0.0303333492132711,0.111919598821379,0.0833111950564129,"2064/119391/4257/4217/27113/355/5291/2948",8
"hsa05168","Human Diseases","Infectious disease: viral","hsa05168","Herpes simplex virus 1 infection","15/464","182/9436",0.0344684805894026,0.125731616695434,0.0935926446626123,"6347/148022/3459/718/9021/972/355/3122/5291/3108/6672/3123/23118/3551/8764",15
"hsa05133","Human Diseases","Infectious disease: bacterial","hsa05133","Pertussis","8/464","78/9436",0.0371660527108201,0.134048347417677,0.0997834886499843,"6372/3576/148022/29108/5603/718/840/3659",8
"hsa05135","Human Diseases","Infectious disease: bacterial","hsa05135","Yersinia infection","12/464","138/9436",0.0389323807381251,0.138858824632646,0.103364332486016,"3576/6347/148022/5829/29108/5603/6196/1793/5291/4775/23118/3551",12
"hsa04927","Organismal Systems","Endocrine system","hsa04927","Cortisol synthesis and secretion","7/464","65/9436",0.039591595422844,0.139658265172889,0.103959423493182,"8622/90993/5087/57552/3709/3949/6667",7
"hsa05330","Human Diseases","Immune disease","hsa05330","Allograft rejection","5/464","39/9436",0.0408637992047442,0.142579125486118,0.106133666126738,"958/355/3122/3108/3123",5
"hsa04932","Human Diseases","Endocrine and metabolic disease","hsa04932","Non-alcoholic fatty liver disease","13/464","157/9436",0.0454109085066703,0.15674087774883,0.116675452529872,"3953/3667/440567/3576/4217/3643/5603/5465/9021/355/5291/840/3551",13
"hsa05221","Human Diseases","Cancer: specific types","hsa05221","Acute myeloid leukemia","7/464","68/9436",0.0487145392633977,0.166354969186709,0.123832031498223,"83439/595/8864/6934/5291/4609/3551",7
"hsa05410","Human Diseases","Cardiovascular disease","hsa05410","Hypertrophic cardiomyopathy","9/464","99/9436",0.0541444396234144,0.182951211780169,0.136186014343657,"3694/1906/3673/3696/3691/3655/7042/3675/6645",9
"hsa04920","Organismal Systems","Endocrine system","hsa04920","Adipocytokine signaling pathway","7/464","70/9436",0.0554812979628847,0.185515590063396,0.138094897341829,"3953/3667/51703/5465/9021/6513/3551",7
"hsa00410","Metabolism","Metabolism of other amino acids","hsa00410","beta-Alanine metabolism","4/464","31/9436",0.0636004272474977,0.210471516973678,0.156671698157157,"222/217/501/54498",4
"hsa05146","Human Diseases","Infectious disease: parasitic","hsa05146","Amoebiasis","9/464","103/9436",0.0663308983823876,0.214037414326953,0.159326096252561,"3914/3918/2919/2920/3576/7042/2921/3911/5291",9
"hsa05218","Human Diseases","Cancer: specific types","hsa05218","Melanoma","7/464","73/9436",0.0666783222202346,0.214037414326953,0.159326096252561,"4233/1956/595/999/1021/1643/5291",7
"hsa05223","Human Diseases","Cancer: specific types","hsa05223","Non-small cell lung cancer","7/464","73/9436",0.0666783222202346,0.214037414326953,0.159326096252561,"4233/1956/2064/595/1021/1643/5291",7
"hsa05310","Human Diseases","Immune disease","hsa05310","Asthma","4/464","32/9436",0.0699888716563255,0.222439879224559,0.165580759416216,"958/3122/3108/3123",4
"hsa05131","Human Diseases","Infectious disease: bacterial","hsa05131","Shigellosis","18/464","253/9436",0.0734682408325593,0.231208875561289,0.172108262837884,"1956/3576/7307/3709/5829/29108/2308/5603/718/5580/1793/92610/8915/5291/2017/823/23118/3551",18
"hsa04918","Organismal Systems","Endocrine system","hsa04918","Thyroid hormone synthesis","7/464","75/9436",0.0748465123027619,0.233259518924142,0.17363472961397,"2876/90993/2878/2877/3709/481/476",7
"hsa04910","Organismal Systems","Endocrine system","hsa04910","Insulin signaling pathway","11/464","138/9436",0.0773003981585207,0.237206613208808,0.176572884729954,"3667/5792/3643/9322/2308/2203/9021/5834/5291/5584/3551",11
"hsa05169","Human Diseases","Infectious disease: viral","hsa05169","Epstein-Barr virus infection","15/464","204/9436",0.0775909482458717,0.237206613208808,0.176572884729954,"595/958/5603/3383/1021/1643/355/3122/5291/3280/3108/3123/4609/23118/3551",15
"hsa04922","Organismal Systems","Endocrine system","hsa04922","Glucagon signaling pathway","9/464","107/9436",0.0801184832992914,0.242622954142194,0.180604724021243,"90993/200186/3709/2308/5465/2203/5834/6513/817",9
"hsa05100","Human Diseases","Infectious disease: bacterial","hsa05100","Bacterial invasion of epithelial cells","7/464","78/9436",0.0881535235866724,0.26405697378964,0.196559872274958,"4233/999/858/5829/1793/5291/2017",7
"hsa04150","Environmental Information Processing","Signal transduction","hsa04150","mTOR signaling pathway","12/464","158/9436",0.0888415986581968,0.26405697378964,0.196559872274958,"3667/64798/3643/81617/4041/51719/2887/8323/6196/5291/3551/79726",12
"hsa04380","Organismal Systems","Development and regeneration","hsa04380","Osteoclast differentiation","11/464","143/9436",0.093769041185141,0.276145524958076,0.205558400280319,"2274/8061/7048/3709/7042/3459/5603/9021/5291/23118/3551",11
"hsa04672","Organismal Systems","Immune system","hsa04672","Intestinal immune network for IgA production","5/464","50/9436",0.0977062795930366,0.282601215398445,0.210363915053114,"5284/958/3122/3108/3123",5
"hsa01521","Human Diseases","Drug resistance: antineoplastic","hsa01521","EGFR tyrosine kinase inhibitor resistance","7/464","80/9436",0.0977219156050698,0.282601215398445,0.210363915053114,"2263/4233/1956/2065/2064/2621/5291",7
"hsa00565","Metabolism","Lipid metabolism","hsa00565","Ether lipid metabolism","5/464","51/9436",0.104204850151294,0.298658543737192,0.22231673857466,"254531/5320/8613/54947/56994",5
"hsa00010","Metabolism","Carbohydrate metabolism","hsa00010","Glycolysis / Gluconeogenesis","6/464","67/9436",0.110520586757737,0.313956711055165,0.233704454531964,"226/222/217/84532/501/2203",6
"hsa04928","Organismal Systems","Endocrine system","hsa04928","Parathyroid hormone synthesis, secretion and action","9/464","115/9436",0.112528929233829,0.316780792162492,0.235806656241632,"342538/1956/2625/90993/3709/860/4041/1839/6667",9
"hsa01522","Human Diseases","Drug resistance: antineoplastic","hsa01522","Endocrine resistance","8/464","99/9436",0.113488445790301,0.316780792162492,0.235806656241632,"1956/2064/595/4853/1839/5603/5291/6667",8
"hsa05207","Human Diseases","Cancer: overview","hsa05207","Chemical carcinogenesis - receptor activation","15/464","217/9436",0.114943137161735,0.318075405421698,0.236770346059109,"1956/688/90993/119391/595/2053/4257/9314/4853/196/5465/6196/5291/2948/4609",15
"hsa05320","Human Diseases","Immune disease","hsa05320","Autoimmune thyroid disease","5/464","54/9436",0.124930622957371,0.342758375806121,0.255143962315099,"958/355/3122/3108/3123",5
"hsa05211","Human Diseases","Cancer: specific types","hsa05211","Renal cell carcinoma","6/464","70/9436",0.12893844592679,0.349790010306237,0.260378200818218,"4233/112398/7042/2034/5291/6513",6
"hsa04012","Environmental Information Processing","Signal transduction","hsa04012","ErbB signaling pathway","7/464","86/9436",0.129672932169602,0.349790010306237,0.260378200818218,"1956/2065/2064/1839/5291/4609/817",7
"hsa00600","Metabolism","Lipid metabolism","hsa00600","Sphingolipid metabolism","5/464","55/9436",0.132232456848925,0.353721822070874,0.263304979865841,"166929/8613/7357/142891/259230",5
"hsa04917","Organismal Systems","Endocrine system","hsa04917","Prolactin signaling pathway","6/464","71/9436",0.135387529591724,0.357802846056044,0.266342830151572,"595/5603/9021/9306/5291/3659",6
"hsa04722","Organismal Systems","Nervous system","hsa04722","Neurotrophin signaling pathway","9/464","120/9436",0.135987374513512,0.357802846056044,0.266342830151572,"4214/3667/4217/5603/5580/6196/5291/817/3551",9
"hsa05414","Human Diseases","Cardiovascular disease","hsa05414","Dilated cardiomyopathy","8/464","105/9436",0.144585362650216,0.377332531794467,0.280880422093274,"3694/3673/3696/3691/3655/7042/3675/6645",8
"hsa04919","Organismal Systems","Endocrine system","hsa04919","Thyroid hormone signaling pathway","9/464","122/9436",0.14603100020292,0.378031863428526,0.281400993599853,"595/4853/481/7068/2308/5291/476/6513/4609",9
"hsa04216","Cellular Processes","Cell growth and death","hsa04216","Ferroptosis","4/464","42/9436",0.14995011935654,0.380392868272763,0.283158488597859,"1356/30061/51703/64116",4
"hsa04972","Organismal Systems","Digestive system","hsa04972","Pancreatic secretion","8/464","106/9436",0.150141697118363,0.380392868272763,0.283158488597859,"8671/5874/5320/3709/481/6558/9545/476",8
"hsa04976","Organismal Systems","Digestive system","hsa04976","Bile secretion","7/464","90/9436",0.153535383982069,0.380392868272763,0.283158488597859,"8671/57552/358/481/3949/476/6513",7
"hsa05235","Human Diseases","Cancer: overview","hsa05235","PD-L1 expression and PD-1 checkpoint pathway in cancer","7/464","90/9436",0.153535383982069,0.380392868272763,0.283158488597859,"1956/148022/3459/5603/5291/4775/3551",7
"hsa04110","Cellular Processes","Cell growth and death","hsa04110","Cell cycle","11/464","158/9436",0.154796645786932,0.380392868272763,0.283158488597859,"2810/595/4088/7042/7465/5934/1021/8556/1028/4609/5525",11
"hsa04062","Organismal Systems","Immune system","hsa04062","Chemokine signaling pathway","13/464","193/9436",0.155149892958129,0.380392868272763,0.283158488597859,"6372/414062/2919/6376/2920/3576/6347/5829/2921/5580/58191/5291/3551",13
"hsa00240","Metabolism","Nucleotide metabolism","hsa00240","Pyrimidine metabolism","5/464","58/9436",0.155238211039663,0.380392868272763,0.283158488597859,"4907/957/22978/51727/50484",5
"hsa00601","Metabolism","Glycan biosynthesis and metabolism","hsa00601","Glycosphingolipid biosynthesis - lacto and neolacto series","3/464","28/9436",0.156822642316274,0.381364152905484,0.283881497653861,"8706/84002/2683",3
"hsa04923","Organismal Systems","Endocrine system","hsa04923","Regulation of lipolysis in adipocytes","5/464","59/9436",0.163252784308763,0.394016118519645,0.293299422541267,"3667/3643/5291/5743/57104",5
"hsa04620","Organismal Systems","Immune system","hsa04620","Toll-like receptor signaling pathway","8/464","109/9436",0.167415404888587,0.39784279661938,0.296147941736676,"414062/3576/148022/958/5603/5291/23118/3551",8
"hsa04940","Human Diseases","Endocrine and metabolic disease","hsa04940","Type I diabetes mellitus","4/464","44/9436",0.168949730603059,0.39784279661938,0.296147941736676,"355/3122/3108/3123",4
"hsa04810","Cellular Processes","Cell motility","hsa04810","Regulation of actin cytoskeleton","15/464","232/9436",0.169283326277534,0.39784279661938,0.296147941736676,"3694/2263/3673/3696/3691/1956/3655/54961/5829/3985/28984/3675/1793/5291/22800",15
"hsa05214","Human Diseases","Cancer: specific types","hsa05214","Glioma","6/464","76/9436",0.169795835317306,0.39784279661938,0.296147941736676,"1956/595/1021/1643/5291/817",6
"hsa04912","Organismal Systems","Endocrine system","hsa04912","GnRH signaling pathway","7/464","93/9436",0.172669430498683,0.400041893691243,0.297784915126782,"1956/4214/3709/1839/5603/5580/817",7
"hsa05132","Human Diseases","Infectious disease: bacterial","hsa05132","Salmonella infection","16/464","251/9436",0.173226863623311,0.400041893691243,0.297784915126782,"8743/83439/302/3576/8795/6934/29108/5603/5420/5291/840/10006/4609/23118/3551/83547",16
"hsa04144","Cellular Processes","Transport and catabolism","hsa04144","Endocytosis","16/464","252/9436",0.177151940753112,0.406184092726779,0.302357071811703,"2263/1956/84612/4088/858/7048/55040/30844/3949/10254/23096/23550/80223/10564/5584/26119",16
"hsa05332","Human Diseases","Immune disease","hsa05332","Graft-versus-host disease","4/464","45/9436",0.178752490694765,0.406947159666805,0.302925086881012,"355/3122/3108/3123",4
"hsa04213","Organismal Systems","Aging","hsa04213","Longevity regulating pathway - multiple species","5/464","62/9436",0.188241085488541,0.425530904519872,0.316758535254996,"3667/3643/6648/2308/5291",5
"hsa00030","Metabolism","Carbohydrate metabolism","hsa00030","Pentose phosphate pathway","3/464","31/9436",0.193933007865774,0.432826646928072,0.322189371545081,"226/9563/2203",3
"hsa05171","Human Diseases","Infectious disease: viral","hsa05171","Coronavirus disease - COVID-19","15/464","238/9436",0.194184156024513,0.432826646928072,0.322189371545081,"1956/3576/3572/6347/7450/1839/1675/5603/718/6218/4599/5291/6139/23118/3551",15
"hsa00590","Metabolism","Lipid metabolism","hsa00590","Arachidonic acid metabolism","5/464","63/9436",0.19686196402336,0.432826646928072,0.322189371545081,"9536/2053/5320/5730/5743",5
"hsa05217","Human Diseases","Cancer: specific types","hsa05217","Basal cell carcinoma","5/464","63/9436",0.19686196402336,0.432826646928072,0.322189371545081,"650/83439/6934/8323/1643",5
"hsa00514","Metabolism","Glycan biosynthesis and metabolism","hsa00514","Other types of O-glycan biosynthesis","4/464","47/9436",0.198902884885123,0.434338952708329,0.323315108262964,"6480/2683/2591/55568",4
"hsa04142","Cellular Processes","Transport and catabolism","hsa04142","Lysosome","9/464","133/9436",0.207418694503572,0.44687060067243,0.332643470577608,"1201/1512/135112/79158/10577/1508/2517/164/1519",9
"hsa00983","Metabolism","Xenobiotics biodegradation and metabolism","hsa00983","Drug metabolism - other enzymes","6/464","81/9436",0.207425917446081,0.44687060067243,0.332643470577608,"119391/4257/51727/2948/50484/8824",6
"hsa05415","Human Diseases","Cardiovascular disease","hsa05415","Diabetic cardiomyopathy","13/464","205/9436",0.209297836825023,0.447897370805549,0.333407782170387,"4088/3667/440567/7048/3643/7042/5603/5580/5465/5291/6513/817/6667",13
"hsa05208","Human Diseases","Cancer: overview","hsa05208","Chemical carcinogenesis - reactive oxygen species","14/464","227/9436",0.227250311890852,0.483095033887176,0.359608370855514,"4233/1956/119391/2053/440567/4257/4217/196/6648/5603/5580/5291/2948/3551",14
"hsa00330","Metabolism","Amino acid metabolism","hsa00330","Arginine and proline metabolism","4/464","50/9436",0.230305373636096,0.486368585113072,0.362045151076135,"217/4942/501/54498",4
"hsa04979","Organismal Systems","Digestive system","hsa04979","Cholesterol metabolism","4/464","51/9436",0.241037333081611,0.505705777249655,0.376439453797907,"57552/3949/10577/26119",4
"hsa04911","Organismal Systems","Endocrine system","hsa04911","Insulin secretion","6/464","86/9436",0.247691412804665,0.516291840975957,0.384319553702385,"90993/3783/481/476/6513/817",6
"hsa04935","Organismal Systems","Endocrine system","hsa04935","Growth hormone synthesis, secretion and action","8/464","122/9436",0.251395917289243,0.520632835160303,0.387550921729427,"90993/4214/3486/3667/3709/5603/9021/5291",8
"hsa04217","Cellular Processes","Cell growth and death","hsa04217","Necroptosis","10/464","159/9436",0.256166798401692,0.527112450557327,0.392374245864939,"8743/8795/148022/6778/29108/3459/5834/355/823/817",10
"hsa05204","Human Diseases","Cancer: overview","hsa05204","Chemical carcinogenesis - DNA adducts","5/464","71/9436",0.270014226708411,0.552067304289171,0.410950247823059,"1577/119391/4257/2948/5743",5
"hsa04211","Organismal Systems","Aging","hsa04211","Longevity regulating pathway","6/464","90/9436",0.28137493149245,0.568900925030269,0.423480931240764,"90993/3667/3643/6648/2308/5291",6
"hsa04014","Environmental Information Processing","Signal transduction","hsa04014","Ras signaling pathway","14/464","238/9436",0.282335359352755,0.568900925030269,0.423480931240764,"2263/1969/1946/4233/1956/5320/2321/2114/3643/1942/5291/22800/5899/3551",14
"hsa05152","Human Diseases","Infectious disease: bacterial","hsa05152","Tuberculosis","11/464","182/9436",0.283564324002626,0.568900925030269,0.423480931240764,"3588/7042/3459/5603/718/972/8915/3122/3108/3123/817",11
"hsa00760","Metabolism","Metabolism of cofactors and vitamins","hsa00760","Nicotinate and nicotinamide metabolism","3/464","38/9436",0.286740828649407,0.571700658363104,0.425565008848744,"4907/54981/22978",3
"hsa00982","Metabolism","Xenobiotics biodegradation and metabolism","hsa00982","Drug metabolism - cytochrome P450","5/464","73/9436",0.289189074816443,0.573022796395545,0.426549187675976,"1577/119391/4257/222/2948",5
"hsa00670","Metabolism","Metabolism of cofactors and vitamins","hsa00670","One carbon pool by folate","3/464","39/9436",0.30037396786648,0.591534010338282,0.440328645177209,"27430/501/6470",3
"hsa01230","Metabolism","Global and overview maps","hsa01230","Biosynthesis of amino acids","5/464","75/9436",0.30859898518563,0.604026062466996,0.449627532972645,"445/226/26227/27430/6470",5
"hsa05206","Human Diseases","Cancer: overview","hsa05206","MicroRNAs in cancer","18/464","320/9436",0.311055478807832,0.605144295135237,0.450459927842921,"1946/4233/1956/2065/2064/595/3667/5328/4853/7042/1942/1021/648/5291/4609/5743/3551/659",18
"hsa00500","Metabolism","Carbohydrate metabolism","hsa00500","Starch and sucrose metabolism","3/464","40/9436",0.314039063827832,0.607268310173097,0.452041011343804,"178/5834/283209",3
"hsa03320","Organismal Systems","Endocrine system","hsa03320","PPAR signaling pathway","5/464","76/9436",0.318373854894667,0.61196411629454,0.45553649581525,"79966/51703/440503/376497/5465",5
"hsa00260","Metabolism","Amino acid metabolism","hsa00260","Glycine, serine and threonine metabolism","3/464","41/9436",0.3277176316859,0.626174760542701,0.466114676645985,"26227/501/6470",3
"hsa00534","Metabolism","Glycan biosynthesis and metabolism","hsa00534","Glycosaminoglycan biosynthesis - heparan sulfate / heparin","2/464","24/9436",0.331854206063774,0.63032662808563,0.46920526176566,"9653/3340",2
"hsa04270","Organismal Systems","Circulatory system","hsa04270","Vascular smooth muscle contraction","8/464","134/9436",0.338257425424667,0.638709609184224,0.475445421494733,"1906/10268/133/5320/10203/3709/10266/5580",8
"hsa04370","Environmental Information Processing","Signal transduction","hsa04370","VEGF signaling pathway","4/464","60/9436",0.341252756855572,0.640597280413092,0.476850574368821,"5829/5603/5291/5743",4
"hsa00980","Metabolism","Xenobiotics biodegradation and metabolism","hsa00980","Metabolism of xenobiotics by cytochrome P450","5/464","79/9436",0.347892968416613,0.645247293932481,0.480311971545083,"1577/119391/4257/222/2948",5
"hsa04925","Organismal Systems","Endocrine system","hsa04925","Aldosterone synthesis and secretion","6/464","98/9436",0.351249414880571,0.645247293932481,0.480311971545083,"90993/3709/481/3949/476/817",6
"hsa01200","Metabolism","Global and overview maps","hsa01200","Carbon metabolism","7/464","117/9436",0.352790536944672,0.645247293932481,0.480311971545083,"226/26227/9563/8801/84532/2203/6470",7
"hsa00071","Metabolism","Lipid metabolism","hsa00071","Fatty acid degradation","3/464","43/9436",0.355045591085861,0.645247293932481,0.480311971545083,"51703/217/501",3
"hsa04975","Organismal Systems","Digestive system","hsa04975","Fat digestion and absorption","3/464","43/9436",0.355045591085861,0.645247293932481,0.480311971545083,"5320/376497/8613",3
"hsa05170","Human Diseases","Infectious disease: viral","hsa05170","Human immunodeficiency virus 1 infection","12/464","213/9436",0.355790563944078,0.645247293932481,0.480311971545083,"3709/5829/3985/7465/5603/355/5291/4775/27350/23118/3551/164",12
"hsa05231","Human Diseases","Cancer: overview","hsa05231","Choline metabolism in cancer","6/464","99/9436",0.360119000405852,0.649428085001564,0.48342408688426,"1956/80736/8613/5291/56994/6667",6
"hsa04330","Environmental Information Processing","Signal transduction","hsa04330","Notch signaling pathway","4/464","62/9436",0.363919597195906,0.652615590502156,0.485796816015706,"4853/7089/84441/3280",4
"hsa04612","Organismal Systems","Immune system","hsa04612","Antigen processing and presentation","5/464","81/9436",0.36766589862679,0.655670852551109,0.488071105194628,"1508/972/3122/3108/3123",5
"hsa00140","Metabolism","Lipid metabolism","hsa00140","Steroid hormone biosynthesis","4/464","63/9436",0.375245538427944,0.659238695823923,0.490726951802035,"1577/6820/79644/1312",4
"hsa03420","Genetic Information Processing","Replication and repair","hsa03420","Nucleotide excision repair","4/464","63/9436",0.375245538427944,0.659238695823923,0.490726951802035,"548644/1643/81488/57804",4
"hsa05162","Human Diseases","Infectious disease: viral","hsa05162","Measles","8/464","139/9436",0.375827667712704,0.659238695823923,0.490726951802035,"595/27113/1021/4599/355/5291/23118/3551",8
"hsa04916","Organismal Systems","Endocrine system","hsa04916","Melanogenesis","6/464","101/9436",0.37789412932224,0.65926095387195,0.490743520344098,"1906/90993/83439/6934/8323/817",6
"hsa04071","Environmental Information Processing","Signal transduction","hsa04071","Sphingolipid signaling pathway","7/464","122/9436",0.393467641852182,0.682719529916488,0.508205716645492,"165679/166929/4217/5603/5291/5525/259230",7
"hsa00561","Metabolism","Lipid metabolism","hsa00561","Glycerolipid metabolism","4/464","65/9436",0.397836551056594,0.686588886500896,0.511086005035919,"217/8613/501/57104",4
"hsa01232","Metabolism","Global and overview maps","hsa01232","Nucleotide metabolism","5/464","85/9436",0.407202026850413,0.698595350344705,0.520023428523522,"4907/957/22978/51727/50484",5
"hsa00620","Metabolism","Carbohydrate metabolism","hsa00620","Pyruvate metabolism","3/464","47/9436",0.409146186494718,0.698595350344705,0.520023428523522,"217/84532/501",3
"hsa04974","Organismal Systems","Digestive system","hsa04974","Protein digestion and absorption","6/464","105/9436",0.413457954432756,0.702222240068331,0.522723228383378,"4311/85301/23428/3783/481/476",6
"hsa00280","Metabolism","Amino acid metabolism","hsa00280","Valine, leucine and isoleucine degradation","3/464","48/9436",0.422474210045473,0.713759060129456,0.531311056400678,"217/501/11112",3
"hsa04611","Organismal Systems","Immune system","hsa04611","Platelet activation","7/464","126/9436",0.426049653619955,0.716031093256574,0.533002322247064,"3673/3709/7450/5603/8673/5291/5584",7
"hsa00053","Metabolism","Carbohydrate metabolism","hsa00053","Ascorbate and aldarate metabolism","2/464","30/9436",0.438108667909734,0.728667784450904,0.542408877095771,"217/501",2
"hsa01523","Human Diseases","Drug resistance: antineoplastic","hsa01523","Antifolate resistance","2/464","30/9436",0.438108667909734,0.728667784450904,0.542408877095771,"6470/3551",2
"hsa04924","Organismal Systems","Endocrine system","hsa04924","Renin secretion","4/464","69/9436",0.442539204697443,0.73224270467979,0.545069991678349,"1906/358/3709/1508",4
"hsa04072","Environmental Information Processing","Signal transduction","hsa04072","Phospholipase D signaling pathway","8/464","149/9436",0.45140228984142,0.743077615585106,0.55313532952228,"1956/10161/3576/3643/8613/5291/22800/5899",8
"hsa05110","Human Diseases","Infectious disease: bacterial","hsa05110","Vibrio cholerae infection","3/464","51/9436",0.461794728264742,0.748069083422694,0.556850899940815,"9414/6558/7082",3
"hsa04662","Organismal Systems","Immune system","hsa04662","B cell receptor signaling pathway","5/464","91/9436",0.465773838212758,0.748069083422694,0.556850899940815,"8915/5291/4775/3551/8519",5
"hsa00630","Metabolism","Carbohydrate metabolism","hsa00630","Glyoxylate and dicarboxylate metabolism","2/464","32/9436",0.471494605505258,0.748069083422694,0.556850899940815,"84532/6470",2
"hsa00640","Metabolism","Carbohydrate metabolism","hsa00640","Propanoate metabolism","2/464","32/9436",0.471494605505258,0.748069083422694,0.556850899940815,"8801/84532",2
"hsa04215","Cellular Processes","Cell growth and death","hsa04215","Apoptosis - multiple species","2/464","32/9436",0.471494605505258,0.748069083422694,0.556850899940815,"27113/840",2
"hsa04728","Organismal Systems","Nervous system","hsa04728","Dopaminergic synapse","7/464","132/9436",0.474486140424787,0.748069083422694,0.556850899940815,"90993/84152/3709/5603/1312/817/5525",7
"hsa04913","Organismal Systems","Endocrine system","hsa04913","Ovarian steroidogenesis","3/464","52/9436",0.474646580403615,0.748069083422694,0.556850899940815,"3643/3949/5743",3
"hsa04973","Organismal Systems","Digestive system","hsa04973","Carbohydrate digestion and absorption","3/464","52/9436",0.474646580403615,0.748069083422694,0.556850899940815,"481/5291/476",3
"hsa04622","Organismal Systems","Immune system","hsa04622","RIG-I-like receptor signaling pathway","4/464","72/9436",0.47540838946489,0.748069083422694,0.556850899940815,"4214/3576/5603/3551",4
"hsa03450","Genetic Information Processing","Replication and repair","hsa03450","Non-homologous end-joining","1/464","13/9436",0.481042854499603,0.753242713631086,0.560702069172836,"10111",1
"hsa00051","Metabolism","Carbohydrate metabolism","hsa00051","Fructose and mannose metabolism","2/464","34/9436",0.503660989978473,0.781039506198502,0.581393565853615,"226/2203",2
"hsa03020","Genetic Information Processing","Transcription","hsa03020","RNA polymerase","2/464","34/9436",0.503660989978473,0.781039506198502,0.581393565853615,"548644/81488",2
"hsa00533","Metabolism","Glycan biosynthesis and metabolism","hsa00533","Glycosaminoglycan biosynthesis - keratan sulfate","1/464","14/9436",0.50659693658728,0.781815464637101,0.581971177152392,"2683",1
"hsa00510","Metabolism","Glycan biosynthesis and metabolism","hsa00510","N-Glycan biosynthesis","3/464","55/9436",0.5123156891031,0.786858067952608,0.585724812019157,"6480/2683/79644",3
"hsa04971","Organismal Systems","Digestive system","hsa04971","Gastric acid secretion","4/464","76/9436",0.518025568701747,0.791839083586956,0.589432601981437,"3709/481/476/817",4
"hsa04970","Organismal Systems","Digestive system","hsa04970","Salivary secretion","5/464","97/9436",0.522487902187985,0.792709671100678,0.590080653680452,"3783/3709/481/6558/476",5
"hsa04114","Cellular Processes","Cell growth and death","hsa04114","Oocyte meiosis","7/464","139/9436",0.52956570933291,0.792709671100678,0.590080653680452,"132864/3709/9748/5603/6196/817/5525",7
"hsa00604","Metabolism","Glycan biosynthesis and metabolism","hsa00604","Glycosphingolipid biosynthesis - ganglio series","1/464","15/9436",0.530895283161628,0.792709671100678,0.590080653680452,"30815",1
"hsa04070","Environmental Information Processing","Signal transduction","hsa04070","Phosphatidylinositol signaling system","5/464","98/9436",0.53169427247333,0.792709671100678,0.590080653680452,"80271/3628/1040/3709/5291",5
"hsa00350","Metabolism","Amino acid metabolism","hsa00350","Tyrosine metabolism","2/464","36/9436",0.534534237199385,0.792709671100678,0.590080653680452,"222/1312",2
"hsa00512","Metabolism","Glycan biosynthesis and metabolism","hsa00512","Mucin type O-glycan biosynthesis","2/464","36/9436",0.534534237199385,0.792709671100678,0.590080653680452,"2591/55568",2
"hsa03018","Genetic Information Processing","Folding, sorting and degradation","hsa03018","RNA degradation","4/464","78/9436",0.538719636983223,0.792709671100678,0.590080653680452,"255967/10950/22894/10140",4
"hsa04666","Organismal Systems","Immune system","hsa04666","Fc gamma R-mediated phagocytosis","5/464","99/9436",0.540820616732238,0.792709671100678,0.590080653680452,"3985/8613/5580/1793/5291",5
"hsa04750","Organismal Systems","Sensory system","hsa04750","Inflammatory mediator regulation of TRP channels","5/464","99/9436",0.540820616732238,0.792709671100678,0.590080653680452,"3709/5603/5580/5291/817",5
"hsa00360","Metabolism","Amino acid metabolism","hsa00360","Phenylalanine metabolism","1/464","16/9436",0.553999474713799,0.804677970059409,0.598989667825827,"222",1
"hsa00603","Metabolism","Glycan biosynthesis and metabolism","hsa00603","Glycosphingolipid biosynthesis - globo and isoglobo series","1/464","16/9436",0.553999474713799,0.804677970059409,0.598989667825827,"8706",1
"hsa04660","Organismal Systems","Immune system","hsa04660","T cell receptor signaling pathway","6/464","122/9436",0.559261664800111,0.808662136940702,0.601955419201637,"5603/8915/5291/4775/3551/5525",6
"hsa00430","Metabolism","Metabolism of other amino acids","hsa00430","Taurine and hypotaurine metabolism","1/464","17/9436",0.575968078082461,0.829084094459507,0.617157204270562,"2686",1
"hsa00061","Metabolism","Lipid metabolism","hsa00061","Fatty acid biosynthesis","1/464","18/9436",0.596856793632916,0.84774792369985,0.631050266207136,"51703",1
"hsa00511","Metabolism","Glycan biosynthesis and metabolism","hsa00511","Other glycan degradation","1/464","18/9436",0.596856793632916,0.84774792369985,0.631050266207136,"2517",1
"hsa04980",NA,NA,"hsa04980","Cobalamin transport and metabolism","1/464","18/9436",0.596856793632916,0.84774792369985,0.631050266207136,"55788",1
"hsa00310","Metabolism","Amino acid metabolism","hsa00310","Lysine degradation","3/464","63/9436",0.605170744309079,0.849169547796447,0.63210850090111,"2122/217/501",3
"hsa03440","Genetic Information Processing","Replication and repair","hsa03440","Homologous recombination","2/464","41/9436",0.605793851854786,0.849169547796447,0.63210850090111,"10111/57804",2
"hsa05033","Human Diseases","Substance dependence","hsa05033","Nicotine addiction","2/464","41/9436",0.605793851854786,0.849169547796447,0.63210850090111,"2568/2564",2
"hsa03250","Genetic Information Processing","Information processing in viruses","hsa03250","Viral life cycle - HIV-1","3/464","64/9436",0.615922380600342,0.859395083578621,0.639720229455147,"256987/4599/27350",3
"hsa00380","Metabolism","Amino acid metabolism","hsa00380","Tryptophan metabolism","2/464","42/9436",0.619013941661963,0.859395083578621,0.639720229455147,"217/501",2
"hsa04926","Organismal Systems","Endocrine system","hsa04926","Relaxin signaling pathway","6/464","130/9436",0.621812185350071,0.859395083578621,0.639720229455147,"1906/1956/90993/7048/5603/5291",6
"hsa04260","Organismal Systems","Circulatory system","hsa04260","Cardiac muscle contraction","4/464","87/9436",0.625790262862087,0.859395083578621,0.639720229455147,"84679/440567/481/476",4
"hsa04929","Organismal Systems","Endocrine system","hsa04929","GnRH secretion","3/464","65/9436",0.626474920739555,0.859395083578621,0.639720229455147,"3783/3709/5291",3
"hsa00100","Metabolism","Lipid metabolism","hsa00100","Steroid biosynthesis","1/464","20/9436",0.635603863586251,0.859807067831239,0.640026904075066,"1718",1
"hsa01240","Metabolism","Global and overview maps","hsa01240","Biosynthesis of cofactors","7/464","154/9436",0.638799622508192,0.859807067831239,0.640026904075066,"9249/217/27430/51727/6470/210/2643",7
"hsa03410","Genetic Information Processing","Replication and repair","hsa03410","Base excision repair","2/464","44/9436",0.644425117292068,0.859807067831239,0.640026904075066,"11232/57804",2
"hsa04962","Organismal Systems","Excretory system","hsa04962","Vasopressin-regulated water reabsorption","2/464","44/9436",0.644425117292068,0.859807067831239,0.640026904075066,"90993/360",2
"hsa04921","Organismal Systems","Endocrine system","hsa04921","Oxytocin signaling pathway","7/464","155/9436",0.645548116269729,0.859807067831239,0.640026904075066,"1956/595/3709/4775/5743/817/29904",7
"hsa04720","Organismal Systems","Nervous system","hsa04720","Long-term potentiation","3/464","67/9436",0.646977064311367,0.859807067831239,0.640026904075066,"3709/6196/817",3
"hsa05010","Human Diseases","Neurodegenerative disease","hsa05010","Alzheimer disease","18/464","391/9436",0.649713229680377,0.859807067831239,0.640026904075066,"22943/4311/25825/3667/440567/4217/3709/3643/4041/64116/102/8323/355/5291/840/823/5743/3551",18
"hsa04650","Organismal Systems","Immune system","hsa04650","Natural killer cell mediated cytotoxicity","6/464","134/9436",0.651118281913625,0.859807067831239,0.640026904075066,"8743/8795/3459/3383/355/5291",6
"hsa00532","Metabolism","Glycan biosynthesis and metabolism","hsa00532","Glycosaminoglycan biosynthesis - chondroitin sulfate / dermatan sulfate","1/464","21/9436",0.653560512619384,0.859807067831239,0.640026904075066,"55790",1
"hsa00770","Metabolism","Metabolism of cofactors and vitamins","hsa00770","Pantothenate and CoA biosynthesis","1/464","21/9436",0.653560512619384,0.859807067831239,0.640026904075066,"217",1
"hsa00830","Metabolism","Metabolism of cofactors and vitamins","hsa00830","Retinol metabolism","3/464","68/9436",0.656924779239704,0.86070552708549,0.64069570306085,"1577/9249/220",3
"hsa05031","Human Diseases","Substance dependence","hsa05031","Amphetamine addiction","3/464","69/9436",0.666669578082535,0.864645591330714,0.643628625125667,"90993/84152/817",3
"hsa00860","Metabolism","Metabolism of cofactors and vitamins","hsa00860","Porphyrin metabolism","2/464","46/9436",0.668479178587903,0.864645591330714,0.643628625125667,"1356/210",2
"hsa04540","Cellular Processes","Cellular community - eukaryotes","hsa04540","Gap junction","4/464","92/9436",0.669400749306184,0.864645591330714,0.643628625125667,"1956/3709/2697/7082",4
"hsa04024","Environmental Information Processing","Signal transduction","hsa04024","cAMP signaling pathway","10/464","226/9436",0.680042881672114,0.864645591330714,0.643628625125667,"1906/90993/6662/84152/481/5465/5291/22800/476/817",10
"hsa04725","Organismal Systems","Nervous system","hsa04725","Cholinergic synapse","5/464","116/9436",0.681249237989289,0.864645591330714,0.643628625125667,"43/90993/3709/5291/817",5
"hsa05203","Human Diseases","Cancer: overview","hsa05203","Viral carcinogenesis","9/464","205/9436",0.68452765513776,0.864645591330714,0.643628625125667,"90993/595/3572/5829/5934/718/1021/5291/6672",9
"hsa00220","Metabolism","Amino acid metabolism","hsa00220","Arginine biosynthesis","1/464","23/9436",0.686867993113184,0.864645591330714,0.643628625125667,"445",1
"hsa00515","Metabolism","Glycan biosynthesis and metabolism","hsa00515","Mannose type O-glycan biosynthesis","1/464","23/9436",0.686867993113184,0.864645591330714,0.643628625125667,"2683",1
"hsa03430","Genetic Information Processing","Replication and repair","hsa03430","Mismatch repair","1/464","23/9436",0.686867993113184,0.864645591330714,0.643628625125667,"57804",1
"hsa04614","Organismal Systems","Endocrine system","hsa04614","Renin-angiotensin system","1/464","23/9436",0.686867993113184,0.864645591330714,0.643628625125667,"4311",1
"hsa04371","Environmental Information Processing","Signal transduction","hsa04371","Apelin signaling pathway","6/464","140/9436",0.692390257352251,0.868192471133096,0.646268866854281,"595/999/4088/3709/5327/22800",6
"hsa05030","Human Diseases","Substance dependence","hsa05030","Cocaine addiction","2/464","49/9436",0.702074565057039,0.875436562963614,0.651661255263946,"90993/84152",2
"hsa00562","Metabolism","Carbohydrate metabolism","hsa00562","Inositol phosphate metabolism","3/464","73/9436",0.703621910419353,0.875436562963614,0.651661255263946,"80271/3628/5291",3
"hsa04022","Environmental Information Processing","Signal transduction","hsa04022","cGMP-PKG signaling pathway","7/464","166/9436",0.714731906965977,0.885826031413431,0.659395012726181,"90993/3667/3709/481/3643/4775/476",7
"hsa00592","Metabolism","Lipid metabolism","hsa00592","alpha-Linolenic acid metabolism","1/464","26/9436",0.73093349865109,0.891011022816637,0.663254639053539,"5320",1
"hsa04950","Human Diseases","Endocrine and metabolic disease","hsa04950","Maturity onset diabetes of the young","1/464","26/9436",0.73093349865109,0.891011022816637,0.663254639053539,"3280",1
"hsa04977","Organismal Systems","Digestive system","hsa04977","Vitamin digestion and absorption","1/464","26/9436",0.73093349865109,0.891011022816637,0.663254639053539,"55788",1
"hsa04140","Cellular Processes","Transport and catabolism","hsa04140","Autophagy - animal","7/464","169/9436",0.73193469759917,0.891011022816637,0.663254639053539,"3667/64798/5580/1508/8673/5291/22800",7
"hsa00270","Metabolism","Amino acid metabolism","hsa00270","Cysteine and methionine metabolism","2/464","52/9436",0.732794112223028,0.891011022816637,0.663254639053539,"26227/27430",2
"hsa04961","Organismal Systems","Excretory system","hsa04961","Endocrine and other factor-regulated calcium reabsorption","2/464","53/9436",0.742419140551986,0.898077104159462,0.668514519246427,"481/476",2
"hsa01040","Metabolism","Lipid metabolism","hsa01040","Biosynthesis of unsaturated fatty acids","1/464","27/9436",0.744200964817498,0.898077104159462,0.668514519246427,"79966",1
"hsa04081",NA,NA,"hsa04081","Hormone signaling","9/464","219/9436",0.756500792698078,0.903186770675901,0.672318074908771,"30061/3953/10268/3667/3643/10266/7068/5291/657",9
"hsa00790","Metabolism","Metabolism of cofactors and vitamins","hsa00790","Folate biosynthesis","1/464","28/9436",0.75681556279015,0.903186770675901,0.672318074908771,"2643",1
"hsa00230","Metabolism","Nucleotide metabolism","hsa00230","Purine metabolism","5/464","128/9436",0.761243795285286,0.903186770675901,0.672318074908771,"8622/4907/957/22978/50484",5
"hsa04137","Cellular Processes","Transport and catabolism","hsa04137","Mitophagy - animal","4/464","105/9436",0.765851950256105,0.903186770675901,0.672318074908771,"267/22879/22800/6667",4
"hsa04340","Environmental Information Processing","Signal transduction","hsa04340","Hedgehog signaling pathway","2/464","56/9436",0.769530575820812,0.903186770675901,0.672318074908771,"57758/595",2
"hsa04261","Organismal Systems","Circulatory system","hsa04261","Adrenergic signaling in cardiomyocytes","6/464","154/9436",0.775567131448338,0.903186770675901,0.672318074908771,"90993/481/5603/476/817/5525",6
"hsa01212","Metabolism","Global and overview maps","hsa01212","Fatty acid metabolism","2/464","57/9436",0.778000111584063,0.903186770675901,0.672318074908771,"79966/51703",2
"hsa00020","Metabolism","Carbohydrate metabolism","hsa00020","Citrate cycle (TCA cycle)","1/464","30/9436",0.780212824962461,0.903186770675901,0.672318074908771,"8801",1
"hsa00563","Metabolism","Glycan biosynthesis and metabolism","hsa00563","Glycosylphosphatidylinositol (GPI)-anchor biosynthesis","1/464","30/9436",0.780212824962461,0.903186770675901,0.672318074908771,"5277",1
"hsa00591","Metabolism","Lipid metabolism","hsa00591","Linoleic acid metabolism","1/464","30/9436",0.780212824962461,0.903186770675901,0.672318074908771,"5320",1
"hsa04146","Cellular Processes","Transport and catabolism","hsa04146","Peroxisome","3/464","83/9436",0.782199134728662,0.903186770675901,0.672318074908771,"2053/51703/6648",3
"hsa04623","Organismal Systems","Immune system","hsa04623","Cytosolic DNA-sensing pathway","3/464","83/9436",0.782199134728662,0.903186770675901,0.672318074908771,"29108/840/3551",3
"hsa04981",NA,NA,"hsa04981","Folate transport and metabolism","1/464","31/9436",0.791054973507796,0.910138517906819,0.677492846580908,"6470",1
"hsa04145","Cellular Processes","Transport and catabolism","hsa04145","Phagosome","6/464","159/9436",0.800826323626506,0.913258031044393,0.679814963263083,"3673/718/3122/3108/3123/83547",6
"hsa00052","Metabolism","Carbohydrate metabolism","hsa00052","Galactose metabolism","1/464","32/9436",0.80136337247562,0.913258031044393,0.679814963263083,"2683",1
"hsa04914","Organismal Systems","Endocrine system","hsa04914","Progesterone-mediated oocyte maturation","4/464","111/9436",0.802301447833392,0.913258031044393,0.679814963263083,"132864/5603/6196/5291",4
"hsa04020","Environmental Information Processing","Signal transduction","hsa04020","Calcium signaling pathway","10/464","254/9436",0.808161276095563,0.916677631189666,0.682360460010016,"2263/4233/1956/2065/80271/2064/2321/3709/4775/817",10
"hsa04130","Genetic Information Processing","Folding, sorting and degradation","hsa04130","SNARE interactions in vesicular transport","1/464","33/9436",0.811164243931523,0.916844092612742,0.68248437128412,"8673",1
"hsa05032","Human Diseases","Substance dependence","hsa05032","Morphine addiction","3/464","91/9436",0.831964441087465,0.933758911155492,0.695075497072624,"2568/2564/8622",3
"hsa04120","Genetic Information Processing","Folding, sorting and degradation","hsa04120","Ubiquitin mediated proteolysis","5/464","142/9436",0.834326289636659,0.933758911155492,0.695075497072624,"4214/4281/26232/9021/1643",5
"hsa00040","Metabolism","Carbohydrate metabolism","hsa00040","Pentose and glucuronate interconversions","1/464","36/9436",0.837765004401189,0.933758911155492,0.695075497072624,"55277",1
"hsa03030","Genetic Information Processing","Replication and repair","hsa03030","DNA replication","1/464","36/9436",0.837765004401189,0.933758911155492,0.695075497072624,"57804",1
"hsa05322","Human Diseases","Immune disease","hsa05322","Systemic lupus erythematosus","5/464","144/9436",0.843109089772386,0.93618343854168,0.696880277255161,"958/718/3122/3108/3123",5
"hsa00250","Metabolism","Amino acid metabolism","hsa00250","Alanine, aspartate and glutamate metabolism","1/464","37/9436",0.84577319992862,0.93618343854168,0.696880277255161,"445",1
"hsa05340","Human Diseases","Immune disease","hsa05340","Primary immunodeficiency","1/464","38/9436",0.853386907262711,0.941364938939279,0.700737304932666,"958",1
"hsa04664","Organismal Systems","Immune system","hsa04664","Fc epsilon RI signaling pathway","2/464","69/9436",0.860128107387402,0.945551789285466,0.703853930702741,"5603/5291",2
"hsa04723","Organismal Systems","Nervous system","hsa04723","Retrograde endocannabinoid signaling","5/464","149/9436",0.863399408364425,0.945908566842937,0.70411951032414,"2568/2564/3709/5603/5743",5
"hsa00513","Metabolism","Glycan biosynthesis and metabolism","hsa00513","Various types of N-glycan biosynthesis","1/464","43/9436",0.886184533198991,0.966482335824954,0.719434301466682,"2683",1
"hsa03015","Genetic Information Processing","Translation","hsa03015","mRNA surveillance pathway","3/464","103/9436",0.888200277471531,0.966482335824954,0.719434301466682,"55916/51585/5525",3
"hsa02010","Environmental Information Processing","Membrane transport","hsa02010","ABC transporters","1/464","45/9436",0.89715199253804,0.970634931234656,0.722525428398973,"1672",1
"hsa04714","Organismal Systems","Environmental adaptation","hsa04714","Thermogenesis","8/464","235/9436",0.898064095254495,0.970634931234656,0.722525428398973,"90993/440567/51703/4217/51780/5603/6196/57104",8
"hsa05016","Human Diseases","Neurodegenerative disease","hsa05016","Huntington disease","11/464","311/9436",0.904670271852942,0.974493816324814,0.725397921973218,"7052/2876/90993/2878/2877/440567/548644/4217/27113/6648/6667",11
"hsa03083","Genetic Information Processing","Chromosome","hsa03083","Polycomb repressive complex","2/464","83/9436",0.920355329659881,0.988073782009437,0.735506635566953,"121536/648",2
"hsa04141","Genetic Information Processing","Folding, sorting and degradation","hsa04141","Protein processing in endoplasmic reticulum","5/464","171/9436",0.928353846881075,0.990595859534805,0.737384030544026,"4217/26232/267/823/23471",5
"hsa05017","Human Diseases","Neurodegenerative disease","hsa05017","Spinocerebellar ataxia","4/464","144/9436",0.92887649133949,0.990595859534805,0.737384030544026,"4217/3709/5291/6667",4
"hsa04727","Organismal Systems","Nervous system","hsa04727","GABAergic synapse","2/464","89/9436",0.937833075808721,0.993778270559336,0.739752967427346,"2568/2564",2
"hsa03460","Genetic Information Processing","Replication and repair","hsa03460","Fanconi anemia pathway","1/464","55/9436",0.938052386228906,0.993778270559336,0.739752967427346,"3280",1
"hsa04730","Organismal Systems","Nervous system","hsa04730","Long-term depression","1/464","60/9436",0.951932820680617,0.999999999932715,0.744384325249144,"3709",1
"hsa04713","Organismal Systems","Environmental adaptation","hsa04713","Circadian entrainment","2/464","97/9436",0.955545966830469,0.999999999932715,0.744384325249144,"8864/817",2
"hsa04080","Environmental Information Processing","Signaling molecules and interaction","hsa04080","Neuroactive ligand-receptor interaction","11/464","370/9436",0.977205182242592,0.999999999932715,0.744384325249144,"2568/1906/2564/3953/10161/130576/133/10203/7068/718/79627",11
"hsa04726","Organismal Systems","Nervous system","hsa04726","Serotonergic synapse","2/464","115/9436",0.979464735661699,0.999999999932715,0.744384325249144,"3709/5743",2
"hsa05022","Human Diseases","Neurodegenerative disease","hsa05022","Pathways of neurodegeneration - multiple diseases","15/464","483/9436",0.982469560068334,0.999999999932715,0.744384325249144,"22943/2876/2878/2877/440567/4217/3709/4041/5603/8323/355/840/823/5743/817",15
"hsa05020","Human Diseases","Neurodegenerative disease","hsa05020","Prion disease","7/464","278/9436",0.985638719437372,0.999999999932715,0.744384325249144,"90993/440567/858/3709/5603/5580/5291",7
"hsa04742","Organismal Systems","Sensory system","hsa04742","Taste transduction","1/464","86/9436",0.987177861701714,0.999999999932715,0.744384325249144,"6337",1
"hsa04613","Organismal Systems","Immune system","hsa04613","Neutrophil extracellular trap formation","4/464","196/9436",0.988711531881175,0.999999999932715,0.744384325249144,"7450/5603/718/5291",4
"hsa04082",NA,NA,"hsa04082","Neuroactive ligand signaling","4/464","199/9436",0.989913858906896,0.999999999932715,0.744384325249144,"2568/2564/43/79627",4
"hsa00190","Metabolism","Energy metabolism","hsa00190","Oxidative phosphorylation","2/464","138/9436",0.992559864705394,0.999999999932715,0.744384325249144,"440567/27068",2
"hsa03013","Genetic Information Processing","Translation","hsa03013","Nucleocytoplasmic transport","1/464","108/9436",0.995820900975153,0.999999999932715,0.744384325249144,"55916",1
"hsa04724","Organismal Systems","Nervous system","hsa04724","Glutamatergic synapse","1/464","116/9436",0.997221924376619,0.999999999932715,0.744384325249144,"3709",1
"hsa05012","Human Diseases","Neurodegenerative disease","hsa05012","Parkinson disease","5/464","271/9436",0.997758189665577,0.999999999932715,0.744384325249144,"440567/4217/3709/64116/817",5
"hsa05014","Human Diseases","Neurodegenerative disease","hsa05014","Amyotrophic lateral sclerosis","8/464","371/9436",0.998235346045804,0.999999999932715,0.744384325249144,"2876/144983/2878/2877/440567/4217/5603/55916",8
"hsa05034","Human Diseases","Substance dependence","hsa05034","Alcoholism","2/464","191/9436",0.999341506964779,0.999999999932715,0.744384325249144,"90993/84152",2
"hsa03040","Genetic Information Processing","Transcription","hsa03040","Spliceosome","2/464","235/9436",0.999917417898809,0.999999999932715,0.744384325249144,"144983/7307",2
"hsa04814","Cellular Processes","Cell motility","hsa04814","Motor proteins","1/464","197/9436",0.999956414299542,0.999999999932715,0.744384325249144,"55930",1
"hsa04740","Organismal Systems","Sensory system","hsa04740","Olfactory transduction","1/464","453/9436",0.999999999932715,0.999999999932715,0.744384325249144,"817",1
