"sample_id","MMP9","MMP2","MAPK3","MAPK1","TWIST1","SNAI1"
"TCGA-XJ-A83F-01",9.1828,10.5476,9.7217,10.9075,8.3365,5.3117
"TCGA-G9-6348-01",5.9579,11.3641,10.237,11.5598,7.6725,7.5497
"TCGA-CH-5766-01",7.8272,10.4912,9.8555,11.7268,7.1053,5.5196
"TCGA-EJ-A65G-01",6.1744,10.0428,9.6423,11.415,4.2876,4.5238
"TCGA-G9-6354-01",8.6285,9.5167,10.0178,10.9869,8.119,4.1751
"TCGA-EJ-5527-01",7.6876,11.5477,9.8845,11.716,6.9704,5.4713
"TCGA-HC-8213-01",7.9023,8.716,9.2709,11.7028,7.4783,1.7976
"TCGA-Y6-A9XI-01",7.3115,9.6404,9.9987,11.7742,5.9831,4.645
"TCGA-CH-5744-01",8.3292,9.4894,9.823,11.4009,7.6222,6.7522
"TCGA-HC-A9TE-01",9.2088,11.75,10.4123,11.2134,5.5824,6.182
"TCGA-EJ-A7NJ-01",8.1746,10.3886,9.7817,11.4981,3.3575,4.3148
"TCGA-SU-A7E7-01",6.8804,10.8966,10.085,11.5072,8.077,5.7216
"TCGA-CH-5772-01",5.816,9.6864,9.9729,11.6188,8.0882,5.0277
"TCGA-HI-7168-01",5.5719,12.0593,10.5925,11.6969,10.6364,7.7072
"TCGA-ZG-A9L0-01",9.3402,11.6282,10.0379,11.4206,8.4968,6.6427
"TCGA-HC-7075-01",8.9184,10.2945,9.9031,11.7435,5.7538,3.3633
"TCGA-V1-A9Z8-01",6.6199,11.9218,10.5695,11.4184,7.0132,5.4504
"TCGA-KK-A7AW-01",9.4069,9.7913,10.3679,9.3197,8.9034,4.3861
"TCGA-H9-A6BX-01",10.7204,11.9943,10.3119,11.5353,5.4962,5.0413
"TCGA-YL-A9WY-01",10.37,12.0413,10.2675,11.6281,9.1872,5.6492
"TCGA-EJ-8469-01",8.1824,9.929,9.9478,11.6056,7.4554,4.3995
"TCGA-G9-6361-01",6.3374,11.468,9.8431,11.3466,7.9933,6.4215
"TCGA-HI-7171-01",8.0473,10.5861,8.7223,10.8142,7.7558,3.8484
"TCGA-ZG-A8QY-01",3.6776,11.4768,10.5308,11.5367,7.458,6.1654
"TCGA-J9-A8CM-01",10.0398,11.8404,9.6351,11.1912,7.1115,5.2814
"TCGA-J9-A52C-01",9.9597,12.2472,10.2346,11.1375,7.2915,7.2794
"TCGA-EJ-A65D-01",5.898,8.7166,9.3737,10.3942,8.6889,3.4755
"TCGA-G9-6336-01",6.9534,10.4727,10.1751,11.4363,7.0936,5.3384
"TCGA-J4-A67K-01",7.398,10.6235,10.3625,10.5527,8.0266,4.7293
"TCGA-2A-A8W1-01",6.5404,6.9949,9.6455,11.4869,8.826,4.5356
"TCGA-HC-7819-01",7.35,9.4576,9.4297,11.7158,7.7721,5.016
"TCGA-VN-A88N-01",5.0746,9.3543,9.9442,11.5804,4.2095,5.7038
"TCGA-VP-A87J-01",6.973,10.1191,9.456,10.9204,9.6633,3.8175
"TCGA-2A-A8VL-01",3.6239,10.1717,9.8542,11.4944,7.522,5.3813
"TCGA-EJ-A46D-01",4.3794,10.4424,10.0577,11.2659,6.316,4.1619
"TCGA-HC-7821-01",7.1376,10.5374,9.4426,11.617,7.4269,5.6591
"TCGA-HC-A8CY-01",8.9682,9.3162,8.9558,11.4288,9.6524,3.7384
"TCGA-EJ-7315-01",8.7459,11.4114,10.4196,11.7364,7.2792,5.2803
"TCGA-FC-A5OB-01",2.1029,7.2975,9.6249,11.9901,4.916,2.2529
"TCGA-V1-A9ZI-01",9.0105,11.7853,10.3188,10.9317,8.2203,5.6047
"TCGA-FC-A66V-01",8.6794,10.7768,10.6336,10.5862,5.1449,4.5277
"TCGA-ZG-A9LS-01",8.345,12.2477,10.1522,11.3275,7.6753,6.5699
"TCGA-J9-A52E-01",10.1499,13.4218,10.5949,10.8434,10.3063,6.5019
"TCGA-G9-6362-01",5.0178,9.5557,9.1807,10.9794,8.7398,4.8964
"TCGA-KK-A59X-01",7.228,10.89,10.4848,11.5167,4.6953,5.2516
"TCGA-M7-A723-01",7.4237,11.661,10.3249,11.0341,7.228,6.6165
"TCGA-HC-A6AL-01",10.0281,11.0376,10.0303,10.843,8.2456,4.6766
"TCGA-EJ-A8FN-01",9.6544,11.2037,10.0509,11.5671,6.2755,4.2759
"TCGA-XK-AAJA-01",8.043,9.9546,10.1995,11.1944,5.6893,4.8722
"TCGA-EJ-5531-01",11.1856,11.1132,10.1958,11.6706,6.4949,4.8426
"TCGA-EJ-A6RC-01",9.0647,11.6373,10.2971,11.5133,6.1986,5.077
"TCGA-2A-A8W3-01",6.897,10.011,10.2733,11.6815,8.3813,5.0035
"TCGA-EJ-A46B-01",6.402,10.2865,10.2328,11.5534,5.8255,4.7647
"TCGA-KK-A8IK-01",3.5342,9.0059,9.8947,11.2859,2.8335,5.1514
"TCGA-XK-AAIR-01",8.858,10.8412,10.1749,11.7307,5.5467,5.5066
"TCGA-J9-A8CK-01",6.2712,12.4712,10.2952,10.9672,8.2331,6.2188
"TCGA-EJ-8470-01",10.3408,11.0142,9.6614,11.6812,6.8151,5.4106
"TCGA-KK-A7B4-01",7.3493,11.1057,10.1195,11.3374,6.7385,4.7424
"TCGA-EJ-5499-01",6.3751,10.5189,10.0243,11.8743,7.5761,4.6683
"TCGA-KK-A7AP-01",6.6155,9.5989,10.1548,11.0503,10.1342,3.7681
"TCGA-CH-5764-01",7.8201,10.1761,9.1585,11.9677,7.2994,5.6175
"TCGA-EJ-7789-01",5.145,9.068,9.7164,11.9455,6.9847,5.11
"TCGA-J4-AAU2-01",6.8135,10.4493,9.8646,11.3787,4.4671,5.0623
"TCGA-XQ-A8TB-01",6.2394,11.537,9.8354,11.7245,7.3769,6.5398
"TCGA-VP-A87E-01",8.7354,12.0984,9.8263,11.4106,5.6024,7.5175
"TCGA-EJ-7793-01",6.9997,9.202,10.0812,11.8023,7.0217,4.5531
"TCGA-YL-A9WI-01",6.5312,10.7537,9.9868,11.4493,8.6418,4.4693
"TCGA-EJ-7321-01",7.8449,10.0335,9.805,11.7703,7.6847,4.3575
"TCGA-KK-A8I7-01",6.6847,10.6649,10.249,11.5893,5.0288,5.5794
"TCGA-ZG-A9L4-01",4.4735,12.5287,10.1942,11.4586,7.884,8.4955
"TCGA-CH-5789-01",4.9703,11.0095,9.4928,11.8568,4.8831,7.6967
"TCGA-YL-A8HK-01",9.1124,11.1614,10.0432,11.312,7.3313,5.8288
"TCGA-G9-6329-01",7.2509,11.2184,10.418,11.3707,8.2271,5.5445
"TCGA-XQ-A8TA-01",6.8205,9.9617,10.1712,10.4223,8.591,6.0564
"TCGA-2A-AAYU-01",7.6401,10.2061,9.5072,11.5798,6.7099,4.442
"TCGA-HC-8261-01",8.5224,10.2944,10.2282,11.6191,10.7384,4.5152
"TCGA-EJ-5503-01",8.6787,11.5291,10.5514,11.7503,6.0514,6.2126
"TCGA-KK-A5A1-01",6.3174,11.4173,10.1476,11.5751,10.4966,5.0312
"TCGA-EJ-8468-01",7.838,11.8941,9.8617,11.7997,7.1155,5.8655
"TCGA-EJ-7782-01",8.3822,10.7995,9.773,11.9117,5.3906,4.6797
"TCGA-HC-7212-01",6.4351,10.2781,9.6264,11.8107,7.5197,4.6893
"TCGA-KK-A7AQ-01",6.2131,10.9599,10.3494,10.6265,8.5973,6.1474
"TCGA-EJ-7791-01",7.3821,12.1139,9.9492,11.8815,4.7516,5.6533
"TCGA-J4-A83K-01",8.0441,10.8183,9.835,11.4178,7.6741,4.8372
"TCGA-VN-A88Q-01",8.921,9.9783,9.4973,11.1298,8.2993,5.01
"TCGA-EJ-5498-01",7.2643,11.2649,9.9533,11.9625,7.088,6.0292
"TCGA-ZG-A9LY-01",7.4407,10.6801,10.1078,11.0716,7.9849,5.9032
"TCGA-VP-A876-01",7.6208,9.475,9.8213,11.1936,8.4601,3.7823
"TCGA-V1-A8MK-01",6.7301,10.3987,10.008,11.5366,6.5619,6.1343
"TCGA-YL-A8SF-01",8.8377,12.3481,10.1052,11.462,8.4165,5.8437
"TCGA-KK-A8I8-01",7.144,10.376,9.7696,11.2785,7.6392,4.0744
"TCGA-KK-A7AV-01",8.874,11.5497,10.2879,11.2409,5.3193,6.0494
"TCGA-YL-A8SI-01",8.025,11.7187,10.2812,11.5483,6.533,5.8274
"TCGA-TK-A8OK-01",7.2895,12.3536,10.3117,11.6944,7.2055,6.8432
"TCGA-EJ-5508-01",9.1937,10.8198,9.8683,11.8994,6.8741,4.4478
"TCGA-VP-A879-01",4.7107,10.6962,10.1306,11.4314,7.4323,5.1434
"TCGA-ZG-A9L1-01",1.2041,11.8535,10.1173,11.3968,11.1166,6.7539
"TCGA-KK-A6E3-01",8.6674,11.9022,10.7813,10.9383,6.6981,5.3448
"TCGA-G9-6342-01",8.0721,10.2452,10.1063,11.6328,7.4089,4.8385
"TCGA-EJ-5515-01",2.1642,10.5277,9.7169,12.2058,5.0346,5.1975
"TCGA-G9-6364-01",9.2945,11.8393,10.17,11.8823,7.6561,5.3841
"TCGA-G9-6332-01",8.1075,9.0805,9.4335,11.6297,8.2804,3.3531
"TCGA-YL-A8SR-01",4.7038,10.4246,10.2085,11.5951,3.8946,5.3828
"TCGA-KK-A6E5-01",7.3702,10.8379,10.1735,11.3943,6.3063,6.2896
"TCGA-EJ-7783-01",7.3653,10.7513,10.0121,11.6441,7.5505,5.4301
"TCGA-J4-A83I-01",7.6402,11.4165,9.6017,11.5997,6.4118,4.564
"TCGA-KK-A8II-01",8.4765,8.5711,9.6109,11.5881,8.0848,4.2628
"TCGA-CH-5743-01",8.0427,10.7473,10.4262,11.4256,5.6542,6.5786
"TCGA-EJ-5509-01",10.8271,11.9651,10.2178,11.9352,8.1184,5.6854
"TCGA-KK-A59V-01",10.9058,10.8222,9.8249,10.9671,8.3328,7.1466
"TCGA-CH-5771-01",8.0587,12.0715,10.5251,11.5755,8.4926,6.7915
"TCGA-J4-A83N-01",8.775,9.7102,9.7273,11.1489,6.7128,5.0861
"TCGA-EJ-8472-01",7.5831,10.7205,8.9289,11.166,8.56,4.6856
"TCGA-EJ-A65E-01",6.7721,10.4842,9.973,11.6375,8.1084,4.0478
"TCGA-YL-A8HJ-01",10.2786,12.5837,9.9305,11.557,8.1208,5.286
"TCGA-XK-AAIW-01",5.5567,8.2647,10.5214,11.7073,5.9124,5.2503
"TCGA-V1-A9Z7-01",7.2452,12.4498,10.5577,11.6119,7.5758,6.0595
"TCGA-HC-8259-01",6.3003,9.6276,9.5663,11.5115,7.2943,3.8671
"TCGA-VP-A87H-01",6.9298,10.6163,10.5037,11.1795,8.0753,6.0615
"TCGA-J4-A67M-01",9.2975,11.8296,10.6503,10.5992,8.513,5.6964
"TCGA-KK-A6E0-01",5.0096,9.708,9.6216,11.6198,7.0388,4.9501
"TCGA-HC-7738-01",9.2165,9.2683,9.305,11.7386,6.681,4.5487
"TCGA-EJ-5517-01",8.2829,10.9246,9.747,12.0601,4.445,4.5261
"TCGA-VP-A872-01",8.2777,12.1545,11.6757,11.1016,6.3794,6.895
"TCGA-VN-A88I-01",7.0066,12.8736,10.6801,11.2534,6.6166,6.1167
"TCGA-KK-A7B2-01",9.6303,11.2904,10.5702,10.5881,6.1585,7.1654
"TCGA-KC-A4BR-01",6.2316,11.5328,10.0048,11.2589,5.4363,8.1939
"TCGA-YL-A9WK-01",7.3237,12.0202,10.2386,11.2525,7.0575,6.4656
"TCGA-EJ-5514-01",6.7234,11.7498,9.7705,12.3734,4.5939,5.9788
"TCGA-G9-7521-01",7.8692,11.0024,9.9083,12.0427,5.5466,6.0955
"TCGA-V1-A8MF-01",8.3655,11.264,10.2675,11.3648,4.524,5.0879
"TCGA-MG-AAMC-01",7.5985,9.2911,8.7384,10.7266,8.6475,5.8216
"TCGA-VN-A88P-01",6.8086,11.2236,9.8314,11.5466,5.9846,5.8283
"TCGA-HC-7736-01",9.4074,11.0377,9.9659,11.693,4.8255,6.0146
"TCGA-YL-A8SQ-01",6.2635,11.1521,9.8074,11.1598,7.7052,4.8315
"TCGA-EJ-A65B-01",10.1053,11.3595,10.6897,10.6947,6.1392,5.748
"TCGA-VN-A88K-01",4.8377,11.3554,9.1835,11.0492,7.706,5.9158
"TCGA-EJ-A46H-01",3.6898,12.3901,10.651,11.5054,6.1303,6.6918
"TCGA-CH-5761-01",10.1764,11.3721,9.8569,12.1954,6.0103,6.2414
"TCGA-J4-A83M-01",8.4781,10.7271,9.8198,11.186,9.3503,5.8671
"TCGA-EJ-A65F-01",8.4342,11.388,10.0511,11.3946,7.0308,4.7339
"TCGA-ZG-A9KY-01",7.9069,10.0292,9.8679,11.6848,6.4543,4.1967
"TCGA-KK-A8IG-01",7.2641,11.7147,10.0089,11.4811,7.2501,7.0176
"TCGA-CH-5738-01",9.7206,12.1382,9.9041,11.6069,7.0514,8.0495
"TCGA-G9-A9S4-01",5.5232,8.8207,10.5317,10.9687,9.2573,3.9202
"TCGA-J4-8198-01",6.3238,11.6812,9.4344,11.7104,8.1521,5.0177
"TCGA-CH-5745-01",8.3098,11.7586,10.3595,11.6107,8.1134,5.8283
"TCGA-EJ-7784-01",7.0397,10.2306,9.2342,11.6085,8.9615,3.8693
"TCGA-V1-A9OH-01",6.8515,10.7743,9.981,11.5215,8.8647,4.9951
"TCGA-G9-6343-01",7.6041,10.384,10.3842,11.2997,6.839,4.146
"TCGA-EJ-7327-01",6.7652,11.6166,9.9828,11.9207,7.0293,4.6252
"TCGA-KK-A7B3-01",10.5994,11.9521,10.3747,11.0953,9.5076,6.3014
"TCGA-G9-6363-01",7.0616,10.7347,9.3485,11.2719,7.1477,4.1247
"TCGA-XK-AAJR-01",5.0622,9.8004,9.959,11.6213,4.9983,4.7878
"TCGA-M7-A722-01",3.7575,9.7073,10.1099,9.9417,5.6752,3.9646
"TCGA-HC-7817-01",9.3164,11.6645,9.9703,11.6643,9.1381,4.9514
"TCGA-KK-A6E2-01",8.014,10.0512,9.558,11.5512,8.858,3.9443
"TCGA-HC-8260-01",5.2176,11.0699,9.88,11.4951,7.1631,4.5457
"TCGA-G9-6367-01",6.4097,10.9175,10.1212,11.8321,4.8523,5.0521
"TCGA-G9-6369-01",4.021,10.5736,10.1574,11.3424,8.4898,5.1407
"TCGA-G9-6338-01",6.6764,11.7814,10.0351,11.0275,7.6271,6.4663
"TCGA-XK-AAJU-01",7.6317,10.0668,10.5129,11.374,4.2842,4.953
"TCGA-EJ-7786-01",6.5468,11.0132,9.7821,11.9556,5.4255,4.4352
"TCGA-HC-7209-01",7.0386,10.357,9.7226,11.7417,7.6522,4.4275
"TCGA-CH-5792-01",8.2397,11.5121,10.3619,11.7943,6.7146,5.8428
"TCGA-CH-5751-01",10.1856,10.2249,10.0683,11.6548,8.1679,7.2684
"TCGA-HC-A4ZV-01",10.0722,12.0031,9.5946,11.3636,8.9292,6.0625
"TCGA-J4-8200-01",8.6127,11.1026,9.6629,11.8139,4.601,6.1171
"TCGA-2A-AAYO-01",9.805,11.1182,10.0727,11.477,8.3608,5.3149
"TCGA-HC-A632-01",8.98,11.9866,9.9369,11.9003,7.8863,4.2633
"TCGA-EJ-5519-01",8.0776,10.3687,10.1477,12.1371,7.7485,4.6419
"TCGA-YL-A8SK-01",5.208,11.2113,10.5139,11.3333,6.684,6.6219
"TCGA-J4-AATV-01",6.4178,11.5365,10.0863,11.3209,6.5276,7.4342
"TCGA-HI-7170-01",7.4182,13.0202,10.5239,11.4939,6.217,6.96
"TCGA-CH-5752-01",4.5586,10.248,9.9383,12.0005,5.8189,5.8106
"TCGA-EJ-7312-01",7.0604,9.8613,10.7487,11.1173,7.2992,3.9233
"TCGA-KK-A6DY-01",10.1166,10.3033,10.0123,11.4433,7.5371,7.1894
"TCGA-G9-6384-01",7.2657,10.6345,9.9812,11.7301,6.3834,6.1217
"TCGA-CH-5767-01",6.6539,10.2693,9.8861,11.8637,5.6788,5.829
"TCGA-YL-A9WL-01",7.1598,10.2826,10.1445,11.3298,8.1831,4.8864
"TCGA-ZG-A9LB-01",7.2956,11.0773,10.0986,10.9836,8.5391,6.8322
"TCGA-HC-7744-01",7.239,9.9082,9.8981,11.8288,6.3348,4.0765
"TCGA-H9-7775-01",8.2151,11.0444,9.5602,11.7131,9.1168,4.5373
"TCGA-KC-A4BN-01",5.6446,9.1092,9.7037,11.5172,5.7795,6.2818
"TCGA-KK-A7B1-01",6.4854,11.2649,10.1134,11.2974,8.6807,6.743
"TCGA-EJ-7123-01",7.8786,10.2777,9.7542,11.9134,6.1348,5.4313
"TCGA-CH-5746-01",7.3598,10.2616,9.6628,11.8218,7.2843,4.8323
"TCGA-V1-A8MJ-01",10.8851,11.0425,10.0325,10.8261,7.8739,5.4984
"TCGA-J4-AATZ-01",7.4815,9.1947,9.5218,11.8463,6.8376,4.7169
"TCGA-HC-A76X-01",7.8664,10.371,9.4137,11.2685,8.0887,3.4018
"TCGA-CH-5763-01",7.8042,11.6523,9.7093,11.6988,6.4978,7.3783
"TCGA-G9-7523-01",8.6914,13.3374,10.538,11.7598,6.5293,6.708
"TCGA-EJ-A7NM-01",8.9354,11.5021,10.1913,11.1858,8.7418,5.3183
"TCGA-VP-A878-01",8.3642,11.0684,10.1426,11.1898,4.4775,6.5179
"TCGA-EJ-7115-01",4.6605,10.9608,9.9476,11.7335,4.5918,5.0836
"TCGA-EJ-5530-01",6.7362,11.1295,9.3479,11.7678,8.0677,4.4276
"TCGA-EJ-A7NN-01",7.3446,10.1195,10.4877,11.3627,5.7583,4.5932
"TCGA-EJ-A7NH-01",4.0651,11.086,10.221,11.3649,8.9346,5.0742
"TCGA-CH-5762-01",8.661,11.0166,9.5459,11.904,8.7716,6.5065
"TCGA-G9-6365-01",6.38,11.7886,10.3726,11.5046,8.135,5.5633
"TCGA-CH-5741-01",6.0594,9.039,9.6384,11.1514,8.6169,3.7352
"TCGA-EJ-5512-01",7.0676,9.9072,10.1655,11.7478,7.7905,4.6965
"TCGA-V1-A9OQ-01",7.5548,10.4741,9.7903,11.1191,6.3307,5.624
"TCGA-EJ-8474-01",8.707,11.2019,9.6937,11.6526,10.5011,4.7137
"TCGA-EJ-7328-01",8.22,11.3146,10.2319,11.3133,7.7723,5.4123
"TCGA-M7-A71Y-01",8.0647,11.6455,10.2702,10.6773,7.6203,5.3397
"TCGA-CH-5740-01",6.848,10.4908,9.9608,11.5285,7.8798,4.53
"TCGA-EJ-5521-01",8.348,10.5144,10.3732,11.6519,6.6466,4.7603
"TCGA-EJ-5494-01",8.4896,11.3131,10.3055,12.0436,6.0903,5.5159
"TCGA-V1-A9OF-01",4.6779,9.2537,10.0735,11.6778,7.9224,3.5091
"TCGA-HC-7747-01",7.4577,10.6032,10.1526,11.5177,7.0307,4.352
"TCGA-HC-7820-01",5.7063,9.6928,9.6858,11.4836,6.7564,4.0763
"TCGA-EJ-5525-01",8.1181,11.9276,9.3184,11.9562,7.4241,6.4325
"TCGA-4L-AA1F-01",12.4285,14.4809,10.1143,11.5133,8.615,8.0602
"TCGA-EJ-7325-01",8.7803,11.0785,9.8591,10.0325,8.4021,5.1207
"TCGA-KK-A8I5-01",8.7533,10.7819,9.5075,11.4991,6.625,6.4588
"TCGA-ZG-A9L5-01",6.1797,9.3413,10.4897,11.7225,12.6508,4.2701
"TCGA-G9-7525-01",6.087,11.3735,10.071,11.3595,7.482,4.6445
"TCGA-XA-A8JR-01",7.8082,10.9913,9.9296,11.575,7.4218,4.7288
"TCGA-HC-8257-01",6.1434,11.1679,9.7823,11.6055,7.9655,4.1306
"TCGA-KK-A8ID-01",7.6022,8.2092,9.553,12.113,4.9859,4.5435
"TCGA-YL-A9WJ-01",8.4603,11.2587,10.1425,11.5728,5.2141,6.572
"TCGA-EJ-A6RA-01",7.0786,10.587,10.1608,11.0642,4.8399,5.0514
"TCGA-CH-5794-01",8.3159,9.8932,10.0677,11.6033,8.0066,5.9728
"TCGA-FC-A6HD-01",6.8353,8.797,10.176,10.8361,5.5946,4.6971
"TCGA-EJ-A7NG-01",6.2824,11.1477,10.0518,11.4388,5.1039,5.017
"TCGA-EJ-A65J-01",6.5528,10.1438,9.5248,11.7045,4.0976,4.6975
"TCGA-J4-A67T-01",8.5393,10.1804,9.5445,11.3601,6.8069,6.6434
"TCGA-V1-A8WV-01",7.5222,11.1053,10.7501,11.0756,5.4145,5.4859
"TCGA-V1-A9Z9-01",8.029,11.3952,10.3575,11.4767,6.2682,5.564
"TCGA-V1-A9OL-01",8.577,10.947,10.5414,11.201,7.4011,4.9369
"TCGA-G9-7519-01",6.4067,10.9497,10.3038,11.7899,8.9603,5.3728
"TCGA-ZG-A9MC-01",10.9057,12.4182,10.8627,11.1152,6.2011,6.556
"TCGA-VN-A943-01",5.8137,7.9321,9.7953,11.6776,5.7952,3.4653
"TCGA-FC-A4JI-01",6.3717,7.9012,9.8178,11.7996,1.683,5.0144
"TCGA-HC-8264-01",3.716,12.3079,9.8588,11.9696,3.9281,4.4923
"TCGA-EJ-5507-01",8.0339,9.9861,9.7925,12.0074,5.0081,4.2503
"TCGA-EJ-5495-01",9.1423,11.5314,9.5495,11.9506,8.0171,5.7679
"TCGA-J9-A52D-01",7.0795,8.3652,9.8251,11.7374,8.4146,1.722
"TCGA-V1-A8MU-01",8.8675,11.9455,10.3392,11.4518,5.6811,6.503
"TCGA-EJ-5497-01",8.1778,11.3613,9.5252,12.0663,6.9641,5.1997
"TCGA-G9-6378-01",5.0448,12.5152,10.2784,11.7396,9.07,5.3684
"TCGA-EJ-7797-01",7.4062,10.4776,9.8271,11.6236,6.4087,4.253
"TCGA-ZG-A9L6-01",5.9207,12.2819,10.4538,11.5707,6.5956,6.2883
"TCGA-HC-A631-01",5.409,9.8721,10.3641,11.8273,9.2816,3.744
"TCGA-V1-A8WS-01",5.4634,10.3738,9.6967,11.6456,6.9745,5.0839
"TCGA-HC-A6AS-01",10.8708,12.1039,10.5897,10.5469,9.3123,6.6819
"TCGA-J9-A8CP-01",5.438,11.6543,10.5038,11.206,5.0081,6.7616
"TCGA-YL-A8HL-01",6.8971,9.2286,10.0148,11.5859,6.0158,4.3419
"TCGA-EJ-A7NF-01",8.9225,9.2764,9.6161,11.2348,7.9653,2.9621
"TCGA-EJ-7218-01",7.8585,10.2433,9.9506,11.552,5.2727,4.1746
"TCGA-HC-7740-01",5.8477,11.2395,10.4128,11.744,5.0849,6.1688
"TCGA-KK-A7AY-01",5.691,9.9732,9.7932,10.5876,9.6999,4.3527
"TCGA-CH-5790-01",8.8929,9.7242,9.621,11.765,7.6485,5.0004
"TCGA-CH-5769-01",6.3148,10.9456,9.8633,11.6611,7.041,5.7558
"TCGA-WW-A8ZI-01",8.0051,10.9484,10.1409,12.1025,4.2277,4.1267
"TCGA-G9-6347-01",8.8642,12.3472,10.5477,10.5973,6.8096,4.381
"TCGA-KK-A8IF-01",4.5258,10.2846,10.1783,11.2521,7.786,4.7851
"TCGA-2A-A8VX-01",2.0083,10.0382,9.9886,11.1432,9.2837,3.7651
"TCGA-HC-7233-01",8.0229,11.1355,9.6824,11.9074,5.1373,4.6624
"TCGA-Y6-A8TL-01",6.387,11.2166,9.7477,11.3927,7.8249,5.6921
"TCGA-XK-AAJP-01",3.6854,9.5623,10.1119,11.3717,6.9621,3.9432
"TCGA-HC-7748-01",8.0439,11.4529,9.5122,11.8314,6.5562,5.269
"TCGA-XJ-A83H-01",6.631,9.7335,9.4441,11.2373,6.8275,6.2086
"TCGA-KC-A7FD-01",6.9049,9.0942,9.1065,11.2909,8.0655,6.2221
"TCGA-FC-7961-01",6.8521,12.1678,9.7064,11.8868,8.5448,4.7868
"TCGA-EJ-A8FP-01",7.2034,10.8475,10.2283,11.4425,4.4445,5.0394
"TCGA-G9-A9S0-01",8.1175,10.1067,10.0884,10.7534,5.3106,4.4147
"TCGA-V1-A9OT-01",6.186,10.8251,9.7602,10.3845,10.0492,4.9812
"TCGA-ZG-A9N3-01",7.9516,8.7936,9.8526,11.1401,8.8874,5.969
"TCGA-VN-A88M-01",4.7061,10.1854,9.6529,10.9298,8.6109,5.4273
"TCGA-CH-5750-01",9.3699,10.0631,9.6201,11.6067,8.6008,6.2039
"TCGA-ZG-A9LU-01",8.2403,10.3451,10.8775,10.7747,4.3101,5.375
"TCGA-J9-A8CL-01",8.4931,12.2373,10.5996,11.1802,8.3932,5.0422
"TCGA-HC-A6AO-01",8.1812,8.9303,10.1863,10.7387,4.1798,5.3006
"TCGA-VP-AA1N-01",8.7367,11.8562,10.3794,11.4958,5.1057,6.7812
"TCGA-KK-A6E7-01",7.6048,10.1831,9.9656,11.2105,5.7641,4.7495
"TCGA-KC-A7F6-01",7.5776,10.4389,10.0883,11.0924,8.525,6.6132
"TCGA-HC-7211-01",8.1367,9.9398,9.5611,12.1195,3.5742,6.3011
"TCGA-KC-A4BV-01",5.4234,12.4711,9.688,11.624,7.3889,5.4411
"TCGA-KK-A8IH-01",7.9935,10.5839,9.751,11.5114,5.5197,5.2418
"TCGA-2A-A8VV-01",5.6559,10.3078,9.9117,11.3793,8.0397,3.7769
"TCGA-QU-A6IM-01",6.7889,9.6959,10.1853,9.9482,9.5747,4.8707
"TCGA-XK-AAJT-01",7.6537,11.5273,10.4709,11.1121,6.6408,6.2919
"TCGA-HC-7210-01",8.212,11.3957,9.934,11.9188,3.927,6.3756
"TCGA-ZG-A8QZ-01",7.5064,12.0153,10.045,11.2214,7.6615,6.4186
"TCGA-ZG-A9ND-01",3.2173,9.6006,9.8685,11.306,4.0194,5.8509
"TCGA-J4-A67O-01",7.0229,11.5206,9.9426,10.2024,7.9372,5.5811
"TCGA-XK-AAJ3-01",6.1355,11.271,10.2604,11.4867,11.504,4.5817
"TCGA-YL-A8SB-01",5.761,12.9068,10.263,11.5678,8.0688,4.7874
"TCGA-G9-6385-01",6.7858,11.3449,10.0236,11.689,5.5655,4.3549
"TCGA-YL-A8HM-01",8.1352,10.2337,10.5126,11.4424,8.4595,4.8669
"TCGA-X4-A8KS-01",7.5023,11.0065,9.8091,10.5679,8.782,4.7356
"TCGA-EJ-7785-01",8.4357,11.3,9.8445,11.8514,6.9569,5.5049
"TCGA-HC-7752-01",8.9417,10.2558,10.0301,10.7747,5.663,5.5304
"TCGA-YL-A8SP-01",1.9863,10.3875,10.2236,10.7115,7.9501,4.1978
"TCGA-EJ-5526-01",8.6493,10.7289,9.532,11.9118,8.4849,3.6702
"TCGA-EJ-7314-01",5.1178,9.8022,9.9029,11.471,8.4315,5.3243
"TCGA-J4-A67S-01",7.8491,10.1128,10.3153,10.4956,6.9142,4.7942
"TCGA-YJ-A8SW-01",6.015,10.1759,10.0467,11.55,9.2191,3.9438
"TCGA-V1-A9ZG-01",6.6232,12.2445,10.4233,11.6085,6.9741,6.6914
"TCGA-FC-A8O0-01",5.4511,11.5326,10.2718,11.3015,7.568,3.8041
"TCGA-ZG-A9NI-01",5.5026,12.4439,11.0069,11.3462,6.7907,7.0169
"TCGA-G9-7510-01",9.5651,11.5607,10.2694,11.6738,4.9139,7.5806
"TCGA-EJ-5502-01",8.3521,11.4802,9.9172,11.8435,6.0221,6.1505
"TCGA-YL-A8S8-01",5.9753,11.1995,10.0783,11.2576,6.6547,6.3394
"TCGA-X4-A8KQ-01",8.3567,11.7172,10.0035,10.6563,9,7.5455
"TCGA-EJ-5516-01",6.5256,11.0634,9.7199,12.0137,6.393,5.0966
"TCGA-CH-5748-01",7.0346,9.8869,9.3327,11.9459,7.1407,3.9631
"TCGA-HC-7078-01",6.959,10.3985,10.4464,11.4882,5.4843,6.4752
"TCGA-ZG-A8QX-01",6.1877,10.4485,9.9976,11.5767,7.7234,4.8751
"TCGA-HC-7230-01",7.5521,9.7809,9.8821,11.7789,7.3602,4.55
"TCGA-EJ-5542-01",5.7756,11.508,9.4499,12.11,8.8854,4.5474
"TCGA-KK-A8I9-01",7.4829,11.5341,10.2957,11.1314,7.3887,7.5676
"TCGA-HC-8266-01",8.0811,11.3989,10.0837,11.5219,5.689,5.1972
"TCGA-G9-6370-01",6.8702,11.4407,10.7232,11.6953,3.8159,5.8206
"TCGA-HC-7080-01",6.0215,8.8162,10.1326,11.4883,7.8368,4.6555
"TCGA-G9-6353-01",5.2473,10.8825,10.4704,11.5094,6.9387,6.768
"TCGA-HC-8262-01",5.8388,10.0015,9.7207,11.5465,8.2919,4.6251
"TCGA-G9-6333-01",5.5007,11.1286,9.9375,11.5223,5.1506,6.9287
"TCGA-EJ-A46I-01",4.4397,10.4068,10.1924,11.5086,7.3297,4.5851
"TCGA-EJ-AB20-01",4.4644,13.2292,10.9953,10.9666,7.6599,6.4145
"TCGA-M7-A724-01",6.3629,7.0497,9.5637,11.0493,3.8305,5.6555
"TCGA-CH-5768-01",8.9308,9.9408,9.3748,11.6933,7.6717,4.3129
"TCGA-G9-6494-01",4.0525,11.0819,10.1363,12.0317,8.6028,4.1221
"TCGA-CH-5788-01",8.7149,9.3657,9.4648,11.6906,9.3435,4.6328
"TCGA-J4-A6M7-01",7.4883,10.9595,9.6399,11.4131,9.196,4.3416
"TCGA-EJ-A8FU-01",6.7284,11.7556,10.0837,11.4969,7.4918,6.1209
"TCGA-M7-A721-01",8.3633,10.9753,10.0392,11.5193,6.9569,5.1531
"TCGA-G9-6496-01",5.5539,10.6231,10.1729,11.0358,6.6458,5.9887
"TCGA-TP-A8TV-01",6.1772,9.9629,9.8731,11.4524,8.1491,3.9033
"TCGA-QU-A6IP-01",8.674,10.3268,10.0091,11.1182,8.0689,5.2875
"TCGA-J9-A8CN-01",5.8009,10.3669,10.0796,11.3798,8.7835,5.1998
"TCGA-EJ-5524-01",7.6158,11.0661,9.3948,12.0692,7.2149,4.878
"TCGA-G9-6498-01",8.5129,11.8885,10.1073,11.4857,6.5229,8.0974
"TCGA-HC-A8D0-01",8.5283,11.74,10.3748,11.1832,7.2292,5.6125
"TCGA-V1-A8WN-01",3.8459,10.1271,9.83,11.7599,7.2286,6.0698
"TCGA-EJ-7318-01",5.6984,10.6825,10.2677,10.8803,10.0498,4.9462
"TCGA-HC-7750-01",7.4969,11.5902,10.1143,11.5455,6.8132,4.1853
"TCGA-EJ-A65M-01",8.6256,10.6041,10.114,11.0184,8.3683,4.6023
"TCGA-ZG-A8QW-01",8.8531,11.4345,10.5426,10.8609,4.6206,5.304
"TCGA-CH-5754-01",9.3816,10.9585,10.2068,10.8941,8.0556,6.7394
"TCGA-EJ-5522-01",7.134,10.7357,9.4622,12.0922,7.8712,4.5046
"TCGA-HC-8265-01",7.4295,10.96,9.76,11.6464,5.0784,6.0676
"TCGA-EJ-5501-01",7.17,10.7473,9.935,11.7237,8.5597,5.2727
"TCGA-YL-A8SJ-01",7.6127,12.4088,9.46,11.6014,9.2404,5.1156
"TCGA-ZG-A9L2-01",7.9046,12.3456,10.383,11.6073,7.4646,6.4496
"TCGA-YL-A8HO-01",6.1627,12.5435,10.3914,11.3027,7.7025,5.4545
"TCGA-YL-A8SL-01",6.553,9.4535,9.5518,10.8812,7.8158,3.7749
"TCGA-EJ-A46G-01",6.9897,11.3312,10.1368,11.7008,7.0909,5.3652
"TCGA-M7-A720-01",8.1518,10.2716,10.2216,11.4141,4.524,3.8593
"TCGA-M7-A725-01",7.9375,8.8903,10.0783,10.8987,5.6611,4.8298
"TCGA-CH-5753-01",8.5221,9.3572,9.2417,11.178,7.2372,5.9404
"TCGA-V1-A9O9-01",9.9746,11.2326,9.9436,11.5482,7.3968,4.6896
"TCGA-EJ-7125-01",7.568,10.6503,9.9483,12.0968,4.0996,5.3917
"TCGA-G9-7522-01",8.2763,11.0949,9.9573,11.7021,5.7779,5.3072
"TCGA-XK-AAK1-01",6.6622,9.8723,10.1245,11.0267,2.7275,5.4004
"TCGA-G9-A9S7-01",7.5268,9.7178,10.498,11.3465,7.6898,3.8962
"TCGA-EJ-A8FS-01",8.3399,8.6445,9.8612,11.6156,8.7493,3.6795
"TCGA-G9-6366-01",6.9274,9.0842,10.1796,11.7464,6.1588,4.5093
"TCGA-KC-A7F3-01",5.8733,10.3874,9.9492,11.3562,6.1984,6.8813
"TCGA-XJ-A9DI-01",10.1208,11.262,10.5015,11.1491,6.4277,5.5232
"TCGA-XJ-A9DK-01",9.4942,11.7804,10.0171,11.2601,6.33,4.0781
"TCGA-HC-8256-01",6.6668,10.0446,9.8286,11.811,5.9724,4.4327
"TCGA-KK-A59Z-01",8.8432,11.4604,9.9898,11.3989,9.5057,6.9386
"TCGA-KK-A7AU-01",3.1641,7.1154,10.2422,11.2267,8.6707,2.8212
"TCGA-EJ-7331-01",8.4138,11.953,9.6602,12.1196,5.1115,5.4016
"TCGA-VP-A875-01",5.2972,9.3047,9.1679,11.4349,7.2209,3.6222
"TCGA-ZG-A9M4-01",9.0575,10.4485,10.1476,11.3722,5.7654,4.5368
"TCGA-V1-A8MM-01",4.5589,11.5545,10.3098,11.2104,6.9446,5.3829
"TCGA-EJ-5532-01",6.148,11.4254,9.7247,12.0711,5.5823,5.2101
"TCGA-KK-A8IL-01",7.8014,10.6106,9.9012,11.2673,4.8261,5.8005
"TCGA-ZG-A9LM-01",8.9314,12.0879,10.8033,11.0818,7.0806,5.6914
"TCGA-V1-A8X3-01",7.5627,11.163,9.5822,11.3964,8.5243,5.6941
"TCGA-EJ-5518-01",7.6022,11.2434,9.8291,11.8423,6.037,5.7654
"TCGA-QU-A6IL-01",9.2416,9.6373,10.0041,10.0507,7.7305,6.4096
"TCGA-2A-A8VT-01",7.2559,9.6303,10.5719,11.2881,7.3466,3.6741
"TCGA-HC-7081-01",7.4982,12.4222,10.0309,11.8383,6.9523,5.9291
"TCGA-YL-A8SC-01",9.1404,10.482,9.6971,11.5867,7.7746,5.0063
"TCGA-J4-A83J-01",8.4053,10.8161,9.5603,11.3393,8.1684,5.7565
"TCGA-J4-A6G1-01",11.0438,12.5381,10.3119,11.2375,6.8854,6.0319
"TCGA-HC-7231-01",8.9624,10.4697,9.9552,11.9108,7.4524,4.3094
"TCGA-G9-6339-01",5.4775,10.4447,10.0243,11.2675,8.8143,5.8889
"TCGA-HC-7232-01",5.6596,10.6591,10.1244,11.7359,7.1402,5.2971
"TCGA-HC-A6HX-01",8.0319,11.3,10.6018,10.1287,5.3278,6.1982
"TCGA-XJ-A9DQ-01",4.6347,10.6196,10.0345,11.0544,7.3733,4.7513
"TCGA-G9-6351-01",4.1945,10.581,9.8746,11.5686,7.4196,4.7722
"TCGA-EJ-5510-01",6.9033,11.0235,10.0424,11.8734,8.8893,4.6952
"TCGA-VP-A87D-01",4.8702,9.4373,9.8231,11.7209,8.2932,4.3096
"TCGA-QU-A6IO-01",7.8903,9.8819,10.6676,10.1835,5.1215,5.6926
"TCGA-EJ-7792-01",8.65,12.2509,10.1887,11.8896,6.6919,6.0465
"TCGA-KK-A8IJ-01",7.4653,10.6541,9.6911,11.8875,7.9828,7.0929
"TCGA-G9-7509-01",2.972,10.5203,9.9843,11.6168,7.9336,4.7603
"TCGA-CH-5765-01",7.5561,9.5066,9.7275,12.0696,7.6036,5.935
"TCGA-KK-A6E1-01",6.1284,9.0218,9.8317,11.5391,3.8031,5.736
"TCGA-CH-5791-01",7.8281,9.8864,9.6781,11.5252,7.7803,3.8184
"TCGA-V1-A9OX-01",9.4982,10.7491,10.317,11.2088,7.6388,5.3864
"TCGA-V1-A9O5-01",8.7772,11.2676,10.2035,11.2802,7.8284,6.0348
"TCGA-HC-8216-01",9.6854,10.199,10.1397,11.538,7.5293,4.9212
"TCGA-V1-A9OA-01",6.4933,12.1265,10.3136,11.0841,6.9208,6.2134
"TCGA-KC-A4BL-01",8.0326,11.5114,10.4043,11.3708,6.0091,7.1824
"TCGA-YL-A8SA-01",6.6538,8.4695,9.2351,11.509,6.8059,3.2525
"TCGA-ZG-A9L9-01",5.7188,12.2616,10.6035,11.1347,7.9732,7.4316
"TCGA-HC-7077-01",7.7452,9.2386,9.5884,11.9174,7.1394,2.1422
"TCGA-J4-A67R-01",8.545,11.5061,10.4961,10.5597,7.7166,5.3286
"TCGA-HC-7737-01",8.3184,11.6058,10.0435,11.6272,5.4096,7.6022
"TCGA-VP-A87K-01",7.263,9.416,9.5317,11.1406,7.9277,3.1657
"TCGA-J9-A52B-01",8.3323,10.9082,11.1009,11.1933,8.4895,3.666
"TCGA-V1-A8MG-01",5.9007,11.2148,10.2701,11.1098,6.3653,5.3358
"TCGA-KK-A8IM-01",7.6049,11.0769,9.5028,11.5792,6.016,5.6544
"TCGA-EJ-AB27-01",8.6503,10.2676,9.9294,11.6942,5.6846,4.7123
"TCGA-EJ-5504-01",7.1471,11.401,9.7963,11.8871,8.2276,5.2378
"TCGA-G9-6377-01",8.7028,10.6792,9.9045,11.6773,7.168,6.5653
"TCGA-HC-7742-01",7.0023,10.8405,10.4354,11.8708,8.2978,5.3363
"TCGA-EJ-A7NK-01",6.3662,9.9275,10.0341,11.2664,4.98,4.8727
"TCGA-HC-7213-01",7.9633,11.1052,10.7113,11.3767,7.9736,5.3409
"TCGA-KK-A7AZ-01",6.5482,10.4628,9.6624,10.7542,6.6199,4.945
"TCGA-EJ-7330-01",5.6252,11.3309,9.9157,11.8913,6.9799,6.026
"TCGA-KK-A8IC-01",6.1318,11.6599,10.062,11.4975,6.3991,6.0605
"TCGA-ZG-A9LN-01",9.2799,12.1037,10.3785,11.3601,9.354,6.2982
"TCGA-KK-A59Y-01",7.9883,9.757,10.2908,11.3573,7.9076,4.4217
"TCGA-HC-A76W-01",8.3518,12.4725,10.1935,11.3886,8.6665,7.2897
"TCGA-KC-A7F5-01",4.5083,8.6414,9.5204,10.8859,7.3689,5.1372
"TCGA-VN-A88L-01",6.2014,11.0889,10.2346,11.366,8.2333,6.3604
"TCGA-KK-A8IB-01",8.6148,11.0203,10.2148,11.076,8.2094,7.1594
"TCGA-HC-7818-01",7.4533,10.7082,9.7471,11.7435,7.3077,5.9166
"TCGA-EJ-A46E-01",2.969,10.701,10.8288,11.044,5.9781,5.7223
"TCGA-HC-7745-01",6.6696,12.1461,10.2625,11.556,5.7563,5.8796
"TCGA-EJ-5506-01",5.004,10.3532,9.5838,11.8442,4.7004,3.6483
"TCGA-V1-A8WL-01",8.4934,11.456,10.0106,11.5846,6.8478,5.064
"TCGA-KK-A8I6-01",7.724,10.1297,9.8568,11.3276,7.1253,3.7804
"TCGA-TP-A8TT-01",9.4521,11.2588,9.4571,11.5635,7.5633,5.1966
"TCGA-G9-6499-01",7.0575,9.8695,9.7891,11.4283,7.4609,5.3984
"TCGA-HC-A6AN-01",10.0128,10.6851,10.0779,10.759,7.0702,4.1485
"TCGA-VP-A87C-01",10.4983,12.4115,10.2965,11.4703,7.4484,6.1671
"TCGA-EJ-5496-01",7.5043,9.4328,9.3132,11.7704,7.2375,4.4952
"TCGA-KK-A6E6-01",6.5508,11.4008,10.0306,11.4022,8.209,6.2516
"TCGA-EJ-7781-01",8.775,11.1446,9.8761,12.215,5.258,4.927
"TCGA-HI-7169-01",5.0728,11.9979,10.3539,11.1036,6.7756,5.7057
"TCGA-J4-A67N-01",11.7209,9.8937,10.4273,10.7429,6.6732,5.6799
"TCGA-HC-A48F-01",7.4294,10.4181,10.1577,11.7074,8.2902,3.9172
"TCGA-G9-6371-01",7.3078,10.2805,9.7918,11.6489,9.6113,4.9484
"TCGA-EJ-7794-01",9.3028,11.1962,9.8818,11.8943,8.2532,5.5641
"TCGA-YL-A9WH-01",8.7081,11.0065,10.8719,11.4462,9.1861,4.9463
"TCGA-V1-A9ZR-01",9.6774,12.4713,10.8413,11.1716,10.654,5.2062
"TCGA-ZG-A9LZ-01",8.5438,10.4947,10.355,11.4666,6.0325,5.2577
"TCGA-HC-A9TH-01",8.9761,11.6036,9.2887,11.7741,8.8385,4.8226
"TCGA-V1-A9O7-01",8.9544,11.9043,10.4362,11.3675,6.2111,7.3605
"TCGA-HC-A6HY-01",6.0034,10.0562,10.0422,10.7824,5.848,4.0388
"TCGA-CH-5739-01",5.7512,11.6605,9.7208,11.8574,7.3396,5.708
"TCGA-XK-AAIV-01",10.6224,11.7612,10.3541,10.8683,5.8941,5.9428
"TCGA-J4-A6G3-01",8.7425,11.1644,10.1343,11.4984,7.8411,7.2698
"TCGA-KC-A7FA-01",8.1347,10.9672,10.0242,11.32,7.4238,5.3603
"TCGA-HC-7749-01",7.9469,11.131,9.5874,11.073,7.8184,4.688
"TCGA-HC-8258-01",5.9102,10.5858,10.1905,11.4317,7.4523,5.3584
"TCGA-HC-7079-01",12.7427,13.115,10.2004,11.4289,6.2714,6.6967
"TCGA-2A-A8VO-01",8.4288,10.6724,9.9847,11.2579,5.0107,4.9806
"TCGA-M7-A71Z-01",2.8223,8.723,10.6384,10.9749,8.1492,3.771
"TCGA-EJ-7788-01",6.4452,12.168,9.2317,11.9938,9.5682,4.2038
"TCGA-KK-A8I4-01",9.5302,12.3405,10.3679,10.9781,7.9438,7.6671
"TCGA-XJ-A83G-01",8.1436,9.0924,9.9414,11.0499,7.1973,4.4929
"TCGA-YL-A9WX-01",8.5406,11.1224,10.2762,11.4732,6.5066,6.7608
"TCGA-J4-A67L-01",8.0641,11.1641,9.8123,10.974,5.5851,4.7659
"TCGA-2A-AAYF-01",7.6071,10.367,10.1172,11.5319,7.6716,4.528
"TCGA-EJ-5505-01",4,9.9025,9.8778,12.1861,6.8756,4.1526
"TCGA-V1-A9ZK-01",5.2373,10.7949,10.2357,11.774,9.2141,4.1044
"TCGA-XJ-A9DX-01",4.147,10.6626,10.2022,10.5611,8.6951,5.6486
"TCGA-V1-A9OY-01",8.6077,11.4109,10.1815,11.2673,7.747,5.9119
"TCGA-VN-A88O-01",8.144,10.4179,9.8773,11.4326,8.151,6.0102
"TCGA-EJ-A46F-01",7.1238,8.5952,9.903,10.2812,9.3123,3.4451
"TCGA-G9-6373-01",7.346,10.9811,10.5416,11.3353,7.9833,5.4241
"TCGA-VN-A88R-01",3.9321,10.0145,10.271,10.9925,4.7979,5.0171
"TCGA-G9-6379-01",9.5031,11.7767,10.2948,10.3635,7.0236,5.0226
"TCGA-CH-5737-01",8.3086,8.883,9.7006,11.6847,6.8201,5.7228
"TCGA-VP-A87B-01",6.8949,10.5993,9.6013,11.0871,8.9606,4.7097
"TCGA-HC-A8D1-01",6.0952,11.4377,9.7983,11.4478,7.2066,5.8173
"TCGA-J4-A83L-01",8.0784,10.9434,9.7305,11.7172,7.0896,5.437
"TCGA-V1-A8WW-01",8.6075,10.2605,10.5086,11.1863,7.0619,4.7515
"TCGA-EJ-A8FO-01",8.3729,10.6196,9.9566,11.6638,7.8869,4.0651
"TCGA-QU-A6IN-01",8.0323,9.7717,9.7099,10.2779,7.3521,5.1475
"TCGA-FC-7708-01",7.346,12.4124,9.8527,11.7824,6.6469,7.0041
"TCGA-YL-A8SH-01",6.9743,10.1305,10.1313,11.373,6.5711,4.2853
"TCGA-KC-A7FE-01",8.0888,11.9937,10.2756,11.5401,6.603,5.4106
"TCGA-V1-A8ML-01",5.3959,11.3239,10.4512,11.4053,8.4569,6.1329
"TCGA-HC-A6AQ-01",6.7481,10.6329,10.1046,10.7941,9.3279,4.2229
"TCGA-H9-A6BY-01",3.3183,10.4189,10.0493,10.7346,8.4728,3.1748
"TCGA-KK-A6E8-01",2.9144,9.3596,9.6704,11.4175,5.7364,4.0956
"TCGA-HC-A6AP-01",11.2316,11.4232,10.6095,10.5609,7.3345,5.4552
"TCGA-EJ-7317-01",4.7184,10.3586,10.3326,11.7475,7.0131,4.3353
"TCGA-YL-A8S9-01",5.552,8.2228,9.372,11.7853,2.8806,3.4596
"TCGA-KK-A8IA-01",8.1826,9.5786,10.1401,11.5378,7.8593,4.7028
"TCGA-G9-6356-01",7.5333,12.1606,10.2076,11.4849,8.2623,6.0711
"TCGA-YL-A8SO-01",8.5358,11.3425,10.3721,11.0846,10.263,5.5173
"TCGA-J4-A67Q-01",9.023,12.0109,10.356,10.4576,7.427,4.6744
"TCGA-KK-A6E4-01",7.094,10.2577,9.612,10.5899,8.6113,4.3255
"TCGA-KK-A7B0-01",11.1259,11.8713,10.9522,10.2993,11.4642,5.2562
"TCGA-EJ-5511-01",6.7454,11.1807,10.18,11.6943,9.3466,4.7285
